# CSV-File created with merge-csv.com
# -----------------------------------------------------------

Timestamp,PM2.5 (µg/m³),PM10 (µg/m³),NO (µg/m³),NO2 (µg/m³),NOx (ppb),NH3 (µg/m³),SO2 (µg/m³),CO (mg/m³),Ozone (µg/m³),Benzene (µg/m³),Toluene (µg/m³),Xylene (µg/m³),O Xylene (µg/m³),Eth-Benzene (µg/m³),MP-Xylene (µg/m³),AT (°C),RH (%),WS (m/s),WD (deg),RF (mm),TOT-RF (mm),SR (W/mt2),BP (mmHg),VWS (m/s)
2021-01-01 00:00:00,NA,NA,NA,NA,NA,NA,NA,NA,NA,NA,NA,NA,NA,NA,NA,NA,NA,NA,NA,NA,0.00,NA,NA,NA
2021-01-02 00:00:00,NA,NA,NA,NA,NA,NA,NA,NA,NA,NA,NA,NA,NA,NA,NA,NA,NA,NA,NA,NA,0.00,NA,NA,NA
2021-01-03 00:00:00,NA,NA,NA,NA,NA,NA,NA,NA,NA,NA,NA,NA,NA,NA,NA,NA,NA,NA,NA,NA,0.00,NA,NA,NA
2021-01-04 00:00:00,NA,NA,NA,NA,NA,NA,NA,NA,NA,NA,NA,NA,NA,NA,NA,NA,NA,NA,NA,NA,0.00,NA,NA,NA
2021-01-05 00:00:00,NA,NA,NA,NA,NA,NA,NA,NA,NA,NA,NA,NA,NA,NA,NA,NA,NA,NA,NA,NA,0.00,NA,NA,NA
2021-01-06 00:00:00,NA,NA,NA,NA,NA,NA,NA,NA,NA,NA,NA,NA,NA,NA,NA,NA,NA,NA,NA,NA,0.00,NA,NA,NA
2021-01-07 00:00:00,NA,NA,NA,NA,NA,NA,NA,NA,NA,NA,NA,NA,NA,NA,NA,NA,NA,NA,NA,NA,0.00,NA,NA,NA
2021-01-08 00:00:00,NA,NA,NA,NA,NA,NA,NA,NA,NA,NA,NA,NA,NA,NA,NA,NA,NA,NA,NA,NA,0.00,NA,NA,NA
2021-01-09 00:00:00,NA,NA,NA,NA,NA,NA,NA,NA,NA,NA,NA,NA,NA,NA,NA,NA,NA,NA,NA,NA,0.00,NA,NA,NA
2021-01-10 00:00:00,NA,NA,NA,NA,NA,NA,NA,NA,NA,NA,NA,NA,NA,NA,NA,NA,NA,NA,NA,NA,0.00,NA,NA,NA
2021-01-11 00:00:00,NA,NA,NA,NA,NA,NA,NA,NA,NA,NA,NA,NA,NA,NA,NA,NA,NA,NA,NA,NA,0.00,NA,NA,NA
2021-01-12 00:00:00,NA,NA,NA,NA,NA,NA,NA,NA,NA,NA,NA,NA,NA,NA,NA,NA,NA,NA,NA,NA,0.00,NA,NA,NA
2021-01-13 00:00:00,NA,NA,NA,NA,NA,NA,NA,NA,NA,NA,NA,NA,NA,NA,NA,NA,NA,NA,NA,NA,0.00,NA,NA,NA
2021-01-14 00:00:00,NA,NA,NA,NA,NA,NA,NA,NA,NA,NA,NA,NA,NA,NA,NA,NA,NA,NA,NA,NA,0.00,NA,NA,NA
2021-01-15 00:00:00,NA,NA,NA,NA,NA,NA,NA,NA,NA,NA,NA,NA,NA,NA,NA,NA,NA,NA,NA,NA,0.00,NA,NA,NA
2021-01-16 00:00:00,NA,NA,NA,NA,NA,NA,NA,NA,NA,NA,NA,NA,NA,NA,NA,NA,NA,NA,NA,NA,0.00,NA,NA,NA
2021-01-17 00:00:00,NA,NA,NA,NA,NA,NA,NA,NA,NA,NA,NA,NA,NA,NA,NA,NA,NA,NA,NA,NA,0.00,NA,NA,NA
2021-01-18 00:00:00,NA,NA,NA,NA,NA,NA,NA,NA,NA,NA,NA,NA,NA,NA,NA,NA,NA,NA,NA,NA,0.00,NA,NA,NA
2021-01-19 00:00:00,NA,NA,NA,NA,NA,NA,NA,NA,NA,NA,NA,NA,NA,NA,NA,NA,NA,NA,NA,NA,0.00,NA,NA,NA
2021-01-20 00:00:00,NA,NA,NA,NA,NA,NA,NA,NA,NA,NA,NA,NA,NA,NA,NA,NA,NA,NA,NA,NA,0.00,NA,NA,NA
2021-01-21 00:00:00,NA,NA,NA,NA,NA,NA,NA,NA,NA,NA,NA,NA,NA,NA,NA,NA,NA,NA,NA,NA,0.00,NA,NA,NA
2021-01-22 00:00:00,NA,NA,NA,NA,NA,NA,NA,NA,NA,NA,NA,NA,NA,NA,NA,NA,NA,NA,NA,NA,0.00,NA,NA,NA
2021-01-23 00:00:00,NA,NA,NA,NA,NA,NA,NA,NA,NA,NA,NA,NA,NA,NA,NA,NA,NA,NA,NA,NA,0.00,NA,NA,NA
2021-01-24 00:00:00,NA,NA,NA,NA,NA,NA,NA,NA,NA,NA,NA,NA,NA,NA,NA,NA,NA,NA,NA,NA,0.00,NA,NA,NA
2021-01-25 00:00:00,NA,NA,NA,NA,NA,NA,NA,NA,NA,NA,NA,NA,NA,NA,NA,NA,NA,NA,NA,NA,0.00,NA,NA,NA
2021-01-26 00:00:00,NA,NA,NA,NA,NA,NA,NA,NA,NA,NA,NA,NA,NA,NA,NA,NA,NA,NA,NA,NA,0.00,NA,NA,NA
2021-01-27 00:00:00,NA,NA,NA,NA,NA,NA,NA,NA,NA,NA,NA,NA,NA,NA,NA,NA,NA,NA,NA,NA,0.00,NA,NA,NA
2021-01-28 00:00:00,NA,NA,NA,NA,NA,NA,NA,NA,NA,NA,NA,NA,NA,NA,NA,NA,NA,NA,NA,NA,0.00,NA,NA,NA
2021-01-29 00:00:00,NA,NA,NA,NA,NA,NA,NA,NA,NA,NA,NA,NA,NA,NA,NA,NA,NA,NA,NA,NA,0.00,NA,NA,NA
2021-01-30 00:00:00,NA,NA,NA,NA,NA,NA,NA,NA,NA,NA,NA,NA,NA,NA,NA,NA,NA,NA,NA,NA,0.00,NA,NA,NA
2021-01-31 00:00:00,NA,NA,NA,NA,NA,NA,NA,NA,NA,NA,NA,NA,NA,NA,NA,NA,NA,NA,NA,NA,0.00,NA,NA,NA
2021-02-01 00:00:00,NA,NA,NA,NA,NA,NA,NA,NA,NA,NA,NA,NA,NA,NA,NA,NA,NA,NA,NA,NA,0.00,NA,NA,NA
2021-02-02 00:00:00,NA,NA,NA,NA,NA,NA,NA,NA,NA,NA,NA,NA,NA,NA,NA,NA,NA,NA,NA,NA,0.00,NA,NA,NA
2021-02-03 00:00:00,NA,NA,NA,NA,NA,NA,NA,NA,NA,NA,NA,NA,NA,NA,NA,NA,NA,NA,NA,NA,0.00,NA,NA,NA
2021-02-04 00:00:00,NA,NA,NA,NA,NA,NA,NA,NA,NA,NA,NA,NA,NA,NA,NA,NA,NA,NA,NA,NA,0.00,NA,NA,NA
2021-02-05 00:00:00,NA,NA,NA,NA,NA,NA,NA,NA,NA,NA,NA,NA,NA,NA,NA,NA,NA,NA,NA,NA,0.00,NA,NA,NA
2021-02-06 00:00:00,NA,NA,NA,NA,NA,NA,NA,NA,NA,NA,NA,NA,NA,NA,NA,NA,NA,NA,NA,NA,0.00,NA,NA,NA
2021-02-07 00:00:00,NA,NA,NA,NA,NA,NA,NA,NA,NA,NA,NA,NA,NA,NA,NA,NA,NA,NA,NA,NA,0.00,NA,NA,NA
2021-02-08 00:00:00,NA,NA,NA,NA,NA,NA,NA,NA,NA,NA,NA,NA,NA,NA,NA,NA,NA,NA,NA,NA,0.00,NA,NA,NA
2021-02-09 00:00:00,NA,NA,NA,NA,NA,NA,NA,NA,NA,NA,NA,NA,NA,NA,NA,NA,NA,NA,NA,NA,0.00,NA,NA,NA
2021-02-10 00:00:00,NA,NA,NA,NA,NA,NA,NA,NA,NA,NA,NA,NA,NA,NA,NA,NA,NA,NA,NA,NA,0.00,NA,NA,NA
2021-02-11 00:00:00,NA,NA,NA,NA,NA,NA,NA,NA,NA,NA,NA,NA,NA,NA,NA,NA,NA,NA,NA,NA,0.00,NA,NA,NA
2021-02-12 00:00:00,NA,NA,NA,NA,NA,NA,NA,NA,NA,NA,NA,NA,NA,NA,NA,NA,NA,NA,NA,NA,0.00,NA,NA,NA
2021-02-13 00:00:00,NA,NA,NA,NA,NA,NA,NA,NA,NA,NA,NA,NA,NA,NA,NA,NA,NA,NA,NA,NA,0.00,NA,NA,NA
2021-02-14 00:00:00,NA,NA,NA,NA,NA,NA,NA,NA,NA,NA,NA,NA,NA,NA,NA,NA,NA,NA,NA,NA,0.00,NA,NA,NA
2021-02-15 00:00:00,NA,NA,NA,NA,NA,NA,NA,NA,NA,NA,NA,NA,NA,NA,NA,NA,NA,NA,NA,NA,0.00,NA,NA,NA
2021-02-16 00:00:00,NA,NA,NA,NA,NA,NA,NA,NA,NA,NA,NA,NA,NA,NA,NA,NA,NA,NA,NA,NA,0.00,NA,NA,NA
2021-02-17 00:00:00,NA,NA,NA,NA,NA,NA,NA,NA,NA,NA,NA,NA,NA,NA,NA,NA,NA,NA,NA,NA,0.00,NA,NA,NA
2021-02-18 00:00:00,NA,NA,NA,NA,NA,NA,NA,NA,NA,NA,NA,NA,NA,NA,NA,NA,NA,NA,NA,NA,0.00,NA,NA,NA
2021-02-19 00:00:00,NA,NA,NA,NA,NA,NA,NA,NA,NA,NA,NA,NA,NA,NA,NA,NA,NA,NA,NA,NA,0.00,NA,NA,NA
2021-02-20 00:00:00,NA,NA,NA,NA,NA,NA,NA,NA,NA,NA,NA,NA,NA,NA,NA,NA,NA,NA,NA,NA,0.00,NA,NA,NA
2021-02-21 00:00:00,NA,NA,NA,NA,NA,NA,NA,NA,NA,NA,NA,NA,NA,NA,NA,NA,NA,NA,NA,NA,0.00,NA,NA,NA
2021-02-22 00:00:00,NA,NA,NA,NA,NA,NA,NA,NA,NA,NA,NA,NA,NA,NA,NA,NA,NA,NA,NA,NA,0.00,NA,NA,NA
2021-02-23 00:00:00,NA,NA,NA,NA,NA,NA,NA,NA,NA,NA,NA,NA,NA,NA,NA,NA,NA,NA,NA,NA,0.00,NA,NA,NA
2021-02-24 00:00:00,NA,NA,NA,NA,NA,NA,NA,NA,NA,NA,NA,NA,NA,NA,NA,NA,NA,NA,NA,NA,0.00,NA,NA,NA
2021-02-25 00:00:00,NA,NA,NA,NA,NA,NA,NA,NA,NA,NA,NA,NA,NA,NA,NA,NA,NA,NA,NA,NA,0.00,NA,NA,NA
2021-02-26 00:00:00,NA,NA,NA,NA,NA,NA,NA,NA,NA,NA,NA,NA,NA,NA,NA,NA,NA,NA,NA,NA,0.00,NA,NA,NA
2021-02-27 00:00:00,NA,NA,NA,NA,NA,NA,NA,NA,NA,NA,NA,NA,NA,NA,NA,NA,NA,NA,NA,NA,0.00,NA,NA,NA
2021-02-28 00:00:00,NA,NA,NA,NA,NA,NA,NA,NA,NA,NA,NA,NA,NA,NA,NA,NA,NA,NA,NA,NA,0.00,NA,NA,NA
2021-03-01 00:00:00,NA,NA,NA,NA,NA,NA,NA,NA,NA,NA,NA,NA,NA,NA,NA,NA,NA,NA,NA,NA,0.00,NA,NA,NA
2021-03-02 00:00:00,NA,NA,NA,NA,NA,NA,NA,NA,NA,NA,NA,NA,NA,NA,NA,NA,NA,NA,NA,NA,0.00,NA,NA,NA
2021-03-03 00:00:00,NA,NA,NA,NA,NA,NA,NA,NA,NA,NA,NA,NA,NA,NA,NA,NA,NA,NA,NA,NA,0.00,NA,NA,NA
2021-03-04 00:00:00,NA,NA,NA,NA,NA,NA,NA,NA,NA,NA,NA,NA,NA,NA,NA,NA,NA,NA,NA,NA,0.00,NA,NA,NA
2021-03-05 00:00:00,NA,NA,NA,NA,NA,NA,NA,NA,NA,NA,NA,NA,NA,NA,NA,NA,NA,NA,NA,NA,0.00,NA,NA,NA
2021-03-06 00:00:00,NA,NA,NA,NA,NA,NA,NA,NA,NA,NA,NA,NA,NA,NA,NA,NA,NA,NA,NA,NA,0.00,NA,NA,NA
2021-03-07 00:00:00,NA,NA,NA,NA,NA,NA,NA,NA,NA,NA,NA,NA,NA,NA,NA,NA,NA,NA,NA,NA,0.00,NA,NA,NA
2021-03-08 00:00:00,NA,NA,NA,NA,NA,NA,NA,NA,NA,NA,NA,NA,NA,NA,NA,NA,NA,NA,NA,NA,0.00,NA,NA,NA
2021-03-09 00:00:00,NA,NA,NA,NA,NA,NA,NA,NA,NA,NA,NA,NA,NA,NA,NA,NA,NA,NA,NA,NA,0.00,NA,NA,NA
2021-03-10 00:00:00,NA,NA,NA,NA,NA,NA,NA,NA,NA,NA,NA,NA,NA,NA,NA,NA,NA,NA,NA,NA,0.00,NA,NA,NA
2021-03-11 00:00:00,NA,NA,NA,NA,NA,NA,NA,NA,NA,NA,NA,NA,NA,NA,NA,NA,NA,NA,NA,NA,0.00,NA,NA,NA
2021-03-12 00:00:00,NA,NA,NA,NA,NA,NA,NA,NA,NA,NA,NA,NA,NA,NA,NA,NA,NA,NA,NA,NA,0.00,NA,NA,NA
2021-03-13 00:00:00,NA,NA,NA,NA,NA,NA,NA,NA,NA,NA,NA,NA,NA,NA,NA,NA,NA,NA,NA,NA,0.00,NA,NA,NA
2021-03-14 00:00:00,NA,NA,NA,NA,NA,NA,NA,NA,NA,NA,NA,NA,NA,NA,NA,NA,NA,NA,NA,NA,0.00,NA,NA,NA
2021-03-15 00:00:00,NA,NA,NA,NA,NA,NA,NA,NA,NA,NA,NA,NA,NA,NA,NA,NA,NA,NA,NA,NA,0.00,NA,NA,NA
2021-03-16 00:00:00,NA,NA,NA,NA,NA,NA,NA,NA,NA,NA,NA,NA,NA,NA,NA,NA,NA,NA,NA,NA,0.00,NA,NA,NA
2021-03-17 00:00:00,NA,NA,NA,NA,NA,NA,NA,NA,NA,NA,NA,NA,NA,NA,NA,NA,NA,NA,NA,NA,0.00,NA,NA,NA
2021-03-18 00:00:00,NA,NA,NA,NA,NA,NA,NA,NA,NA,NA,NA,NA,NA,NA,NA,NA,NA,NA,NA,NA,0.00,NA,NA,NA
2021-03-19 00:00:00,NA,NA,NA,NA,NA,NA,NA,NA,NA,NA,NA,NA,NA,NA,NA,NA,NA,NA,NA,NA,0.00,NA,NA,NA
2021-03-20 00:00:00,NA,NA,NA,NA,NA,NA,NA,NA,NA,NA,NA,NA,NA,NA,NA,NA,NA,NA,NA,NA,0.00,NA,NA,NA
2021-03-21 00:00:00,NA,NA,NA,NA,NA,NA,NA,NA,NA,NA,NA,NA,NA,NA,NA,NA,NA,NA,NA,NA,0.00,NA,NA,NA
2021-03-22 00:00:00,NA,NA,NA,NA,NA,NA,NA,NA,NA,NA,NA,NA,NA,NA,NA,NA,NA,NA,NA,NA,0.00,NA,NA,NA
2021-03-23 00:00:00,NA,NA,NA,NA,NA,NA,NA,NA,NA,NA,NA,NA,NA,NA,NA,NA,NA,NA,NA,NA,0.00,NA,NA,NA
2021-03-24 00:00:00,NA,NA,NA,NA,NA,NA,NA,NA,NA,NA,NA,NA,NA,NA,NA,NA,NA,NA,NA,NA,0.00,NA,NA,NA
2021-03-25 00:00:00,NA,NA,NA,NA,NA,NA,NA,NA,NA,NA,NA,NA,NA,NA,NA,NA,NA,NA,NA,NA,0.00,NA,NA,NA
2021-03-26 00:00:00,NA,NA,NA,NA,NA,NA,NA,NA,NA,NA,NA,NA,NA,NA,NA,NA,NA,NA,NA,NA,0.00,NA,NA,NA
2021-03-27 00:00:00,NA,NA,NA,NA,NA,NA,NA,NA,NA,NA,NA,NA,NA,NA,NA,NA,NA,NA,NA,NA,0.00,NA,NA,NA
2021-03-28 00:00:00,NA,NA,NA,NA,NA,NA,NA,NA,NA,NA,NA,NA,NA,NA,NA,NA,NA,NA,NA,NA,0.00,NA,NA,NA
2021-03-29 00:00:00,NA,NA,NA,NA,NA,NA,NA,NA,NA,NA,NA,NA,NA,NA,NA,NA,NA,NA,NA,NA,0.00,NA,NA,NA
2021-03-30 00:00:00,NA,NA,NA,NA,NA,NA,NA,NA,NA,NA,NA,NA,NA,NA,NA,NA,NA,NA,NA,NA,0.00,NA,NA,NA
2021-03-31 00:00:00,NA,NA,NA,NA,NA,NA,NA,NA,NA,NA,NA,NA,NA,NA,NA,NA,NA,NA,NA,NA,0.00,NA,NA,NA
2021-04-01 00:00:00,NA,NA,NA,NA,NA,NA,NA,NA,NA,NA,NA,NA,NA,NA,NA,NA,NA,NA,NA,NA,0.00,NA,NA,NA
2021-04-02 00:00:00,NA,NA,NA,NA,NA,NA,NA,NA,NA,NA,NA,NA,NA,NA,NA,NA,NA,NA,NA,NA,0.00,NA,NA,NA
2021-04-03 00:00:00,NA,NA,NA,NA,NA,NA,NA,NA,NA,NA,NA,NA,NA,NA,NA,NA,NA,NA,NA,NA,0.00,NA,NA,NA
2021-04-04 00:00:00,NA,NA,NA,NA,NA,NA,NA,NA,NA,NA,NA,NA,NA,NA,NA,NA,NA,NA,NA,NA,0.00,NA,NA,NA
2021-04-05 00:00:00,NA,NA,NA,NA,NA,NA,NA,NA,NA,NA,NA,NA,NA,NA,NA,NA,NA,NA,NA,NA,0.00,NA,NA,NA
2021-04-06 00:00:00,NA,NA,NA,NA,NA,NA,NA,NA,NA,NA,NA,NA,NA,NA,NA,NA,NA,NA,NA,NA,0.00,NA,NA,NA
2021-04-07 00:00:00,NA,NA,NA,NA,NA,NA,NA,NA,NA,NA,NA,NA,NA,NA,NA,NA,NA,NA,NA,NA,0.00,NA,NA,NA
2021-04-08 00:00:00,NA,NA,NA,NA,NA,NA,NA,NA,NA,NA,NA,NA,NA,NA,NA,NA,NA,NA,NA,NA,0.00,NA,NA,NA
2021-04-09 00:00:00,NA,NA,NA,NA,NA,NA,NA,NA,NA,NA,NA,NA,NA,NA,NA,NA,NA,NA,NA,NA,0.00,NA,NA,NA
2021-04-10 00:00:00,NA,NA,NA,NA,NA,NA,NA,NA,NA,NA,NA,NA,NA,NA,NA,NA,NA,NA,NA,NA,0.00,NA,NA,NA
2021-04-11 00:00:00,NA,NA,NA,NA,NA,NA,NA,NA,NA,NA,NA,NA,NA,NA,NA,NA,NA,NA,NA,NA,0.00,NA,NA,NA
2021-04-12 00:00:00,NA,NA,NA,NA,NA,NA,NA,NA,NA,NA,NA,NA,NA,NA,NA,NA,NA,NA,NA,NA,0.00,NA,NA,NA
2021-04-13 00:00:00,NA,NA,NA,NA,NA,NA,NA,NA,NA,NA,NA,NA,NA,NA,NA,NA,NA,NA,NA,NA,0.00,NA,NA,NA
2021-04-14 00:00:00,NA,NA,NA,NA,NA,NA,NA,NA,NA,NA,NA,NA,NA,NA,NA,NA,NA,NA,NA,NA,0.00,NA,NA,NA
2021-04-15 00:00:00,NA,NA,NA,NA,NA,NA,NA,NA,NA,NA,NA,NA,NA,NA,NA,NA,NA,NA,NA,NA,0.00,NA,NA,NA
2021-04-16 00:00:00,NA,NA,NA,NA,NA,NA,NA,NA,NA,NA,NA,NA,NA,NA,NA,NA,NA,NA,NA,NA,0.00,NA,NA,NA
2021-04-17 00:00:00,NA,NA,NA,NA,NA,NA,NA,NA,NA,NA,NA,NA,NA,NA,NA,NA,NA,NA,NA,NA,0.00,NA,NA,NA
2021-04-18 00:00:00,NA,NA,NA,NA,NA,NA,NA,NA,NA,NA,NA,NA,NA,NA,NA,NA,NA,NA,NA,NA,0.00,NA,NA,NA
2021-04-19 00:00:00,NA,NA,NA,NA,NA,NA,NA,NA,NA,NA,NA,NA,NA,NA,NA,NA,NA,NA,NA,NA,0.00,NA,NA,NA
2021-04-20 00:00:00,NA,NA,NA,NA,NA,NA,NA,NA,NA,NA,NA,NA,NA,NA,NA,NA,NA,NA,NA,NA,0.00,NA,NA,NA
2021-04-21 00:00:00,NA,NA,NA,NA,NA,NA,NA,NA,NA,NA,NA,NA,NA,NA,NA,NA,NA,NA,NA,NA,0.00,NA,NA,NA
2021-04-22 00:00:00,NA,NA,NA,NA,NA,NA,NA,NA,NA,NA,NA,NA,NA,NA,NA,NA,NA,NA,NA,NA,0.00,NA,NA,NA
2021-04-23 00:00:00,NA,NA,NA,NA,NA,NA,NA,NA,NA,NA,NA,NA,NA,NA,NA,NA,NA,NA,NA,NA,0.00,NA,NA,NA
2021-04-24 00:00:00,NA,NA,NA,NA,NA,NA,NA,NA,NA,NA,NA,NA,NA,NA,NA,NA,NA,NA,NA,NA,0.00,NA,NA,NA
2021-04-25 00:00:00,NA,NA,NA,NA,NA,NA,NA,NA,NA,NA,NA,NA,NA,NA,NA,NA,NA,NA,NA,NA,0.00,NA,NA,NA
2021-04-26 00:00:00,NA,NA,NA,NA,NA,NA,NA,NA,NA,NA,NA,NA,NA,NA,NA,NA,NA,NA,NA,NA,0.00,NA,NA,NA
2021-04-27 00:00:00,NA,NA,NA,NA,NA,NA,NA,NA,NA,NA,NA,NA,NA,NA,NA,NA,NA,NA,NA,NA,0.00,NA,NA,NA
2021-04-28 00:00:00,NA,NA,NA,NA,NA,NA,NA,NA,NA,NA,NA,NA,NA,NA,NA,NA,NA,NA,NA,NA,0.00,NA,NA,NA
2021-04-29 00:00:00,NA,NA,NA,NA,NA,NA,NA,NA,NA,NA,NA,NA,NA,NA,NA,NA,NA,NA,NA,NA,0.00,NA,NA,NA
2021-04-30 00:00:00,NA,NA,NA,NA,NA,NA,NA,NA,NA,NA,NA,NA,NA,NA,NA,NA,NA,NA,NA,NA,0.00,NA,NA,NA
2021-05-01 00:00:00,NA,NA,NA,NA,NA,NA,NA,NA,NA,NA,NA,NA,NA,NA,NA,NA,NA,NA,NA,NA,0.00,NA,NA,NA
2021-05-02 00:00:00,NA,NA,NA,NA,NA,NA,NA,NA,NA,NA,NA,NA,NA,NA,NA,NA,NA,NA,NA,NA,0.00,NA,NA,NA
2021-05-03 00:00:00,NA,NA,NA,NA,NA,NA,NA,NA,NA,NA,NA,NA,NA,NA,NA,NA,NA,NA,NA,NA,0.00,NA,NA,NA
2021-05-04 00:00:00,NA,NA,NA,NA,NA,NA,NA,NA,NA,NA,NA,NA,NA,NA,NA,NA,NA,NA,NA,NA,0.00,NA,NA,NA
2021-05-05 00:00:00,NA,NA,NA,NA,NA,NA,NA,NA,NA,NA,NA,NA,NA,NA,NA,NA,NA,NA,NA,NA,0.00,NA,NA,NA
2021-05-06 00:00:00,NA,NA,NA,NA,NA,NA,NA,NA,NA,NA,NA,NA,NA,NA,NA,NA,NA,NA,NA,NA,0.00,NA,NA,NA
2021-05-07 00:00:00,NA,NA,NA,NA,NA,NA,NA,NA,NA,NA,NA,NA,NA,NA,NA,NA,NA,NA,NA,NA,0.00,NA,NA,NA
2021-05-08 00:00:00,NA,NA,NA,NA,NA,NA,NA,NA,NA,NA,NA,NA,NA,NA,NA,NA,NA,NA,NA,NA,0.00,NA,NA,NA
2021-05-09 00:00:00,NA,NA,NA,NA,NA,NA,NA,NA,NA,NA,NA,NA,NA,NA,NA,NA,NA,NA,NA,NA,0.00,NA,NA,NA
2021-05-10 00:00:00,NA,NA,NA,NA,NA,NA,NA,NA,NA,NA,NA,NA,NA,NA,NA,NA,NA,NA,NA,NA,0.00,NA,NA,NA
2021-05-11 00:00:00,NA,NA,NA,NA,NA,NA,NA,NA,NA,NA,NA,NA,NA,NA,NA,NA,NA,NA,NA,NA,0.00,NA,NA,NA
2021-05-12 00:00:00,NA,NA,NA,NA,NA,NA,NA,NA,NA,NA,NA,NA,NA,NA,NA,NA,NA,NA,NA,NA,0.00,NA,NA,NA
2021-05-13 00:00:00,NA,NA,NA,NA,NA,NA,NA,NA,NA,NA,NA,NA,NA,NA,NA,NA,NA,NA,NA,NA,0.00,NA,NA,NA
2021-05-14 00:00:00,NA,NA,NA,NA,NA,NA,NA,NA,NA,NA,NA,NA,NA,NA,NA,NA,NA,NA,NA,NA,0.00,NA,NA,NA
2021-05-15 00:00:00,NA,NA,NA,NA,NA,NA,NA,NA,NA,NA,NA,NA,NA,NA,NA,NA,NA,NA,NA,NA,0.00,NA,NA,NA
2021-05-16 00:00:00,NA,NA,NA,NA,NA,NA,NA,NA,NA,NA,NA,NA,NA,NA,NA,NA,NA,NA,NA,NA,0.00,NA,NA,NA
2021-05-17 00:00:00,NA,NA,NA,NA,NA,NA,NA,NA,NA,NA,NA,NA,NA,NA,NA,NA,NA,NA,NA,NA,0.00,NA,NA,NA
2021-05-18 00:00:00,NA,NA,NA,NA,NA,NA,NA,NA,NA,NA,NA,NA,NA,NA,NA,NA,NA,NA,NA,NA,0.00,NA,NA,NA
2021-05-19 00:00:00,NA,NA,NA,NA,NA,NA,NA,NA,NA,NA,NA,NA,NA,NA,NA,NA,NA,NA,NA,NA,0.00,NA,NA,NA
2021-05-20 00:00:00,NA,NA,NA,NA,NA,NA,NA,NA,NA,NA,NA,NA,NA,NA,NA,NA,NA,NA,NA,NA,0.00,NA,NA,NA
2021-05-21 00:00:00,NA,NA,NA,NA,NA,NA,NA,NA,NA,NA,NA,NA,NA,NA,NA,NA,NA,NA,NA,NA,0.00,NA,NA,NA
2021-05-22 00:00:00,NA,NA,NA,NA,NA,NA,NA,NA,NA,NA,NA,NA,NA,NA,NA,NA,NA,NA,NA,NA,0.00,NA,NA,NA
2021-05-23 00:00:00,NA,NA,NA,NA,NA,NA,NA,NA,NA,NA,NA,NA,NA,NA,NA,NA,NA,NA,NA,NA,0.00,NA,NA,NA
2021-05-24 00:00:00,NA,NA,NA,NA,NA,NA,NA,NA,NA,NA,NA,NA,NA,NA,NA,NA,NA,NA,NA,NA,0.00,NA,NA,NA
2021-05-25 00:00:00,NA,NA,NA,NA,NA,NA,NA,NA,NA,NA,NA,NA,NA,NA,NA,NA,NA,NA,NA,NA,0.00,NA,NA,NA
2021-05-26 00:00:00,NA,NA,NA,NA,NA,NA,NA,NA,NA,NA,NA,NA,NA,NA,NA,NA,NA,NA,NA,NA,0.00,NA,NA,NA
2021-05-27 00:00:00,NA,NA,NA,NA,NA,NA,NA,NA,NA,NA,NA,NA,NA,NA,NA,NA,NA,NA,NA,NA,0.00,NA,NA,NA
2021-05-28 00:00:00,NA,NA,NA,NA,NA,NA,NA,NA,NA,NA,NA,NA,NA,NA,NA,NA,NA,NA,NA,NA,0.00,NA,NA,NA
2021-05-29 00:00:00,NA,NA,NA,NA,NA,NA,NA,NA,NA,NA,NA,NA,NA,NA,NA,NA,NA,NA,NA,NA,0.00,NA,NA,NA
2021-05-30 00:00:00,NA,NA,NA,NA,NA,NA,NA,NA,NA,NA,NA,NA,NA,NA,NA,NA,NA,NA,NA,NA,0.00,NA,NA,NA
2021-05-31 00:00:00,NA,NA,NA,NA,NA,NA,NA,NA,NA,NA,NA,NA,NA,NA,NA,NA,NA,NA,NA,NA,0.00,NA,NA,NA
2021-06-01 00:00:00,NA,NA,NA,NA,NA,NA,NA,NA,NA,NA,NA,NA,NA,NA,NA,NA,NA,NA,NA,NA,0.00,NA,NA,NA
2021-06-02 00:00:00,NA,NA,NA,NA,NA,NA,NA,NA,NA,NA,NA,NA,NA,NA,NA,NA,NA,NA,NA,NA,0.00,NA,NA,NA
2021-06-03 00:00:00,NA,NA,NA,NA,NA,NA,NA,NA,NA,NA,NA,NA,NA,NA,NA,NA,NA,NA,NA,NA,0.00,NA,NA,NA
2021-06-04 00:00:00,NA,NA,NA,NA,NA,NA,NA,NA,NA,NA,NA,NA,NA,NA,NA,NA,NA,NA,NA,NA,0.00,NA,NA,NA
2021-06-05 00:00:00,NA,NA,NA,NA,NA,NA,NA,NA,NA,NA,NA,NA,NA,NA,NA,NA,NA,NA,NA,NA,0.00,NA,NA,NA
2021-06-06 00:00:00,NA,NA,NA,NA,NA,NA,NA,NA,NA,NA,NA,NA,NA,NA,NA,NA,NA,NA,NA,NA,0.00,NA,NA,NA
2021-06-07 00:00:00,NA,NA,NA,NA,NA,NA,NA,NA,NA,NA,NA,NA,NA,NA,NA,NA,NA,NA,NA,NA,0.00,NA,NA,NA
2021-06-08 00:00:00,NA,NA,NA,NA,NA,NA,NA,NA,NA,NA,NA,NA,NA,NA,NA,NA,NA,NA,NA,NA,0.00,NA,NA,NA
2021-06-09 00:00:00,NA,NA,NA,NA,NA,NA,NA,NA,NA,NA,NA,NA,NA,NA,NA,NA,NA,NA,NA,NA,0.00,NA,NA,NA
2021-06-10 00:00:00,NA,NA,NA,NA,NA,NA,NA,NA,NA,NA,NA,NA,NA,NA,NA,NA,NA,NA,NA,NA,0.00,NA,NA,NA
2021-06-11 00:00:00,NA,NA,NA,NA,NA,NA,NA,NA,NA,NA,NA,NA,NA,NA,NA,NA,NA,NA,NA,NA,0.00,NA,NA,NA
2021-06-12 00:00:00,NA,NA,NA,NA,NA,NA,NA,NA,NA,NA,NA,NA,NA,NA,NA,NA,NA,NA,NA,NA,0.00,NA,NA,NA
2021-06-13 00:00:00,NA,NA,NA,NA,NA,NA,NA,NA,NA,NA,NA,NA,NA,NA,NA,NA,NA,NA,NA,NA,0.00,NA,NA,NA
2021-06-14 00:00:00,NA,NA,NA,NA,NA,NA,NA,NA,NA,NA,NA,NA,NA,NA,NA,NA,NA,NA,NA,NA,0.00,NA,NA,NA
2021-06-15 00:00:00,NA,NA,NA,NA,NA,NA,NA,NA,NA,NA,NA,NA,NA,NA,NA,NA,NA,NA,NA,NA,0.00,NA,NA,NA
2021-06-16 00:00:00,NA,NA,NA,NA,NA,NA,NA,NA,NA,NA,NA,NA,NA,NA,NA,NA,NA,NA,NA,NA,0.00,NA,NA,NA
2021-06-17 00:00:00,NA,NA,NA,NA,NA,NA,NA,NA,NA,NA,NA,NA,NA,NA,NA,NA,NA,NA,NA,NA,0.00,NA,NA,NA
2021-06-18 00:00:00,NA,NA,NA,NA,NA,NA,NA,NA,NA,NA,NA,NA,NA,NA,NA,NA,NA,NA,NA,NA,0.00,NA,NA,NA
2021-06-19 00:00:00,NA,NA,NA,NA,NA,NA,NA,NA,NA,NA,NA,NA,NA,NA,NA,NA,NA,NA,NA,NA,0.00,NA,NA,NA
2021-06-20 00:00:00,NA,NA,NA,NA,NA,NA,NA,NA,NA,NA,NA,NA,NA,NA,NA,NA,NA,NA,NA,NA,0.00,NA,NA,NA
2021-06-21 00:00:00,NA,NA,NA,NA,NA,NA,NA,NA,NA,NA,NA,NA,NA,NA,NA,NA,NA,NA,NA,NA,0.00,NA,NA,NA
2021-06-22 00:00:00,NA,NA,NA,NA,NA,NA,NA,NA,NA,NA,NA,NA,NA,NA,NA,NA,NA,NA,NA,NA,0.00,NA,NA,NA
2021-06-23 00:00:00,NA,NA,NA,NA,NA,NA,NA,NA,NA,NA,NA,NA,NA,NA,NA,NA,NA,NA,NA,NA,0.00,NA,NA,NA
2021-06-24 00:00:00,NA,NA,NA,NA,NA,NA,NA,NA,NA,NA,NA,NA,NA,NA,NA,NA,NA,NA,NA,NA,0.00,NA,NA,NA
2021-06-25 00:00:00,NA,NA,NA,NA,NA,NA,NA,NA,NA,NA,NA,NA,NA,NA,NA,NA,NA,NA,NA,NA,0.00,NA,NA,NA
2021-06-26 00:00:00,NA,NA,NA,NA,NA,NA,NA,NA,NA,NA,NA,NA,NA,NA,NA,NA,NA,NA,NA,NA,0.00,NA,NA,NA
2021-06-27 00:00:00,NA,NA,NA,NA,NA,NA,NA,NA,NA,NA,NA,NA,NA,NA,NA,NA,NA,NA,NA,NA,0.00,NA,NA,NA
2021-06-28 00:00:00,NA,NA,NA,NA,NA,NA,NA,NA,NA,NA,NA,NA,NA,NA,NA,NA,NA,NA,NA,NA,0.00,NA,NA,NA
2021-06-29 00:00:00,NA,NA,NA,NA,NA,NA,NA,NA,NA,NA,NA,NA,NA,NA,NA,NA,NA,NA,NA,NA,0.00,NA,NA,NA
2021-06-30 00:00:00,NA,NA,NA,NA,NA,NA,NA,NA,NA,NA,NA,NA,NA,NA,NA,NA,NA,NA,NA,NA,0.00,NA,NA,NA
2021-07-01 00:00:00,NA,NA,NA,NA,NA,NA,NA,NA,NA,NA,NA,NA,NA,NA,NA,NA,NA,NA,NA,NA,0.00,NA,NA,NA
2021-07-02 00:00:00,NA,NA,NA,NA,NA,NA,NA,NA,NA,NA,NA,NA,NA,NA,NA,NA,NA,NA,NA,NA,0.00,NA,NA,NA
2021-07-03 00:00:00,NA,NA,NA,NA,NA,NA,NA,NA,NA,NA,NA,NA,NA,NA,NA,NA,NA,NA,NA,NA,0.00,NA,NA,NA
2021-07-04 00:00:00,NA,NA,NA,NA,NA,NA,NA,NA,NA,NA,NA,NA,NA,NA,NA,NA,NA,NA,NA,NA,0.00,NA,NA,NA
2021-07-05 00:00:00,NA,NA,NA,NA,NA,NA,NA,NA,NA,NA,NA,NA,NA,NA,NA,NA,NA,NA,NA,NA,0.00,NA,NA,NA
2021-07-06 00:00:00,NA,NA,NA,NA,NA,NA,NA,NA,NA,NA,NA,NA,NA,NA,NA,NA,NA,NA,NA,NA,0.00,NA,NA,NA
2021-07-07 00:00:00,NA,NA,NA,NA,NA,NA,NA,NA,NA,NA,NA,NA,NA,NA,NA,NA,NA,NA,NA,NA,0.00,NA,NA,NA
2021-07-08 00:00:00,NA,NA,NA,NA,NA,NA,NA,NA,NA,NA,NA,NA,NA,NA,NA,NA,NA,NA,NA,NA,0.00,NA,NA,NA
2021-07-09 00:00:00,NA,NA,NA,NA,NA,NA,NA,NA,NA,NA,NA,NA,NA,NA,NA,NA,NA,NA,NA,NA,0.00,NA,NA,NA
2021-07-10 00:00:00,NA,NA,NA,NA,NA,NA,NA,NA,NA,NA,NA,NA,NA,NA,NA,NA,NA,NA,NA,NA,0.00,NA,NA,NA
2021-07-11 00:00:00,NA,NA,NA,NA,NA,NA,NA,NA,NA,NA,NA,NA,NA,NA,NA,NA,NA,NA,NA,NA,0.00,NA,NA,NA
2021-07-12 00:00:00,NA,NA,NA,NA,NA,NA,NA,NA,NA,NA,NA,NA,NA,NA,NA,NA,NA,NA,NA,NA,0.00,NA,NA,NA
2021-07-13 00:00:00,NA,NA,NA,NA,NA,NA,NA,NA,NA,NA,NA,NA,NA,NA,NA,NA,NA,NA,NA,NA,0.00,NA,NA,NA
2021-07-14 00:00:00,NA,NA,NA,NA,NA,NA,NA,NA,NA,NA,NA,NA,NA,NA,NA,NA,NA,NA,NA,NA,0.00,NA,NA,NA
2021-07-15 00:00:00,NA,NA,NA,NA,NA,NA,NA,NA,NA,NA,NA,NA,NA,NA,NA,NA,NA,NA,NA,NA,0.00,NA,NA,NA
2021-07-16 00:00:00,NA,NA,NA,NA,NA,NA,NA,NA,NA,NA,NA,NA,NA,NA,NA,NA,NA,NA,NA,NA,0.00,NA,NA,NA
2021-07-17 00:00:00,NA,NA,NA,NA,NA,NA,NA,NA,NA,NA,NA,NA,NA,NA,NA,NA,NA,NA,NA,NA,0.00,NA,NA,NA
2021-07-18 00:00:00,NA,NA,NA,NA,NA,NA,NA,NA,NA,NA,NA,NA,NA,NA,NA,NA,NA,NA,NA,NA,0.00,NA,NA,NA
2021-07-19 00:00:00,NA,NA,NA,NA,NA,NA,NA,NA,NA,NA,NA,NA,NA,NA,NA,NA,NA,NA,NA,NA,0.00,NA,NA,NA
2021-07-20 00:00:00,NA,NA,NA,NA,NA,NA,NA,NA,NA,NA,NA,NA,NA,NA,NA,NA,NA,NA,NA,NA,0.00,NA,NA,NA
2021-07-21 00:00:00,NA,NA,NA,NA,NA,NA,NA,NA,NA,NA,NA,NA,NA,NA,NA,NA,NA,NA,NA,NA,0.00,NA,NA,NA
2021-07-22 00:00:00,NA,NA,NA,NA,NA,NA,NA,NA,NA,NA,NA,NA,NA,NA,NA,NA,NA,NA,NA,NA,0.00,NA,NA,NA
2021-07-23 00:00:00,NA,NA,NA,NA,NA,NA,NA,NA,NA,NA,NA,NA,NA,NA,NA,NA,NA,NA,NA,NA,0.00,NA,NA,NA
2021-07-24 00:00:00,NA,NA,NA,NA,NA,NA,NA,NA,NA,NA,NA,NA,NA,NA,NA,NA,NA,NA,NA,NA,0.00,NA,NA,NA
2021-07-25 00:00:00,NA,NA,NA,NA,NA,NA,NA,NA,NA,NA,NA,NA,NA,NA,NA,NA,NA,NA,NA,NA,0.00,NA,NA,NA
2021-07-26 00:00:00,NA,NA,NA,NA,NA,NA,NA,NA,NA,NA,NA,NA,NA,NA,NA,NA,NA,NA,NA,NA,0.00,NA,NA,NA
2021-07-27 00:00:00,NA,NA,NA,NA,NA,NA,NA,NA,NA,NA,NA,NA,NA,NA,NA,NA,NA,NA,NA,NA,0.00,NA,NA,NA
2021-07-28 00:00:00,NA,NA,NA,NA,NA,NA,NA,NA,NA,NA,NA,NA,NA,NA,NA,NA,NA,NA,NA,NA,0.00,NA,NA,NA
2021-07-29 00:00:00,NA,NA,NA,NA,NA,NA,NA,NA,NA,NA,NA,NA,NA,NA,NA,NA,NA,NA,NA,NA,0.00,NA,NA,NA
2021-07-30 00:00:00,NA,NA,NA,NA,NA,NA,NA,NA,NA,NA,NA,NA,NA,NA,NA,NA,NA,NA,NA,NA,0.00,NA,NA,NA
2021-07-31 00:00:00,NA,NA,NA,NA,NA,NA,NA,NA,NA,NA,NA,NA,NA,NA,NA,NA,NA,NA,NA,NA,0.00,NA,NA,NA
2021-08-01 00:00:00,NA,NA,NA,NA,NA,NA,NA,NA,NA,NA,NA,NA,NA,NA,NA,NA,NA,NA,NA,NA,0.00,NA,NA,NA
2021-08-02 00:00:00,NA,NA,NA,NA,NA,NA,NA,NA,NA,NA,NA,NA,NA,NA,NA,NA,NA,NA,NA,NA,0.00,NA,NA,NA
2021-08-03 00:00:00,NA,NA,NA,NA,NA,NA,NA,NA,NA,NA,NA,NA,NA,NA,NA,NA,NA,NA,NA,NA,0.00,NA,NA,NA
2021-08-04 00:00:00,NA,NA,NA,NA,NA,NA,NA,NA,NA,NA,NA,NA,NA,NA,NA,NA,NA,NA,NA,NA,0.00,NA,NA,NA
2021-08-05 00:00:00,NA,NA,NA,NA,NA,NA,NA,NA,NA,NA,NA,NA,NA,NA,NA,NA,NA,NA,NA,NA,0.00,NA,NA,NA
2021-08-06 00:00:00,NA,NA,NA,NA,NA,NA,NA,NA,NA,NA,NA,NA,NA,NA,NA,NA,NA,NA,NA,NA,0.00,NA,NA,NA
2021-08-07 00:00:00,NA,NA,NA,NA,NA,NA,NA,NA,NA,NA,NA,NA,NA,NA,NA,NA,NA,NA,NA,NA,0.00,NA,NA,NA
2021-08-08 00:00:00,NA,NA,NA,NA,NA,NA,NA,NA,NA,NA,NA,NA,NA,NA,NA,NA,NA,NA,NA,NA,0.00,NA,NA,NA
2021-08-09 00:00:00,NA,NA,NA,NA,NA,NA,NA,NA,NA,NA,NA,NA,NA,NA,NA,NA,NA,NA,NA,NA,0.00,NA,NA,NA
2021-08-10 00:00:00,NA,NA,NA,NA,NA,NA,NA,NA,NA,NA,NA,NA,NA,NA,NA,NA,NA,NA,NA,NA,0.00,NA,NA,NA
2021-08-11 00:00:00,NA,NA,NA,NA,NA,NA,NA,NA,NA,NA,NA,NA,NA,NA,NA,NA,NA,NA,NA,NA,0.00,NA,NA,NA
2021-08-12 00:00:00,NA,NA,NA,NA,NA,NA,NA,NA,NA,NA,NA,NA,NA,NA,NA,NA,NA,NA,NA,NA,0.00,NA,NA,NA
2021-08-13 00:00:00,NA,NA,NA,NA,NA,NA,NA,NA,NA,NA,NA,NA,NA,NA,NA,NA,NA,NA,NA,NA,0.00,NA,NA,NA
2021-08-14 00:00:00,NA,NA,NA,NA,NA,NA,NA,NA,NA,NA,NA,NA,NA,NA,NA,NA,NA,NA,NA,NA,0.00,NA,NA,NA
2021-08-15 00:00:00,NA,NA,NA,NA,NA,NA,NA,NA,NA,NA,NA,NA,NA,NA,NA,NA,NA,NA,NA,NA,0.00,NA,NA,NA
2021-08-16 00:00:00,NA,NA,NA,NA,NA,NA,NA,NA,NA,NA,NA,NA,NA,NA,NA,NA,NA,NA,NA,NA,0.00,NA,NA,NA
2021-08-17 00:00:00,NA,NA,NA,NA,NA,NA,NA,NA,NA,NA,NA,NA,NA,NA,NA,NA,NA,NA,NA,NA,0.00,NA,NA,NA
2021-08-18 00:00:00,NA,NA,NA,NA,NA,NA,NA,NA,NA,NA,NA,NA,NA,NA,NA,NA,NA,NA,NA,NA,0.00,NA,NA,NA
2021-08-19 00:00:00,NA,NA,NA,NA,NA,NA,NA,NA,NA,NA,NA,NA,NA,NA,NA,NA,NA,NA,NA,NA,0.00,NA,NA,NA
2021-08-20 00:00:00,NA,NA,NA,NA,NA,NA,NA,NA,NA,NA,NA,NA,NA,NA,NA,NA,NA,NA,NA,NA,0.00,NA,NA,NA
2021-08-21 00:00:00,NA,NA,NA,NA,NA,NA,NA,NA,NA,NA,NA,NA,NA,NA,NA,NA,NA,NA,NA,NA,0.00,NA,NA,NA
2021-08-22 00:00:00,NA,NA,NA,NA,NA,NA,NA,NA,NA,NA,NA,NA,NA,NA,NA,NA,NA,NA,NA,NA,0.00,NA,NA,NA
2021-08-23 00:00:00,NA,NA,NA,NA,NA,NA,NA,NA,NA,NA,NA,NA,NA,NA,NA,NA,NA,NA,NA,NA,0.00,NA,NA,NA
2021-08-24 00:00:00,NA,NA,NA,NA,NA,NA,NA,NA,NA,NA,NA,NA,NA,NA,NA,NA,NA,NA,NA,NA,0.00,NA,NA,NA
2021-08-25 00:00:00,NA,NA,NA,NA,NA,NA,NA,NA,NA,NA,NA,NA,NA,NA,NA,NA,NA,NA,NA,NA,0.00,NA,NA,NA
2021-08-26 00:00:00,NA,NA,NA,NA,NA,NA,NA,NA,NA,NA,NA,NA,NA,NA,NA,NA,NA,NA,NA,NA,0.00,NA,NA,NA
2021-08-27 00:00:00,NA,NA,NA,NA,NA,NA,NA,NA,NA,NA,NA,NA,NA,NA,NA,NA,NA,NA,NA,NA,0.00,NA,NA,NA
2021-08-28 00:00:00,NA,NA,NA,NA,NA,NA,NA,NA,NA,NA,NA,NA,NA,NA,NA,NA,NA,NA,NA,NA,0.00,NA,NA,NA
2021-08-29 00:00:00,NA,NA,NA,NA,NA,NA,NA,NA,NA,NA,NA,NA,NA,NA,NA,NA,NA,NA,NA,NA,0.00,NA,NA,NA
2021-08-30 00:00:00,NA,NA,NA,NA,NA,NA,NA,NA,NA,NA,NA,NA,NA,NA,NA,NA,NA,NA,NA,NA,0.00,NA,NA,NA
2021-08-31 00:00:00,NA,NA,NA,NA,NA,NA,NA,NA,NA,NA,NA,NA,NA,NA,NA,NA,NA,NA,NA,NA,0.00,NA,NA,NA
2021-09-01 00:00:00,NA,NA,NA,NA,NA,NA,NA,NA,NA,NA,NA,NA,NA,NA,NA,NA,NA,NA,NA,NA,0.00,NA,NA,NA
2021-09-02 00:00:00,NA,NA,NA,NA,NA,NA,NA,NA,NA,NA,NA,NA,NA,NA,NA,NA,NA,NA,NA,NA,0.00,NA,NA,NA
2021-09-03 00:00:00,NA,NA,NA,NA,NA,NA,NA,NA,NA,NA,NA,NA,NA,NA,NA,NA,NA,NA,NA,NA,0.00,NA,NA,NA
2021-09-04 00:00:00,NA,NA,NA,NA,NA,NA,NA,NA,NA,NA,NA,NA,NA,NA,NA,NA,NA,NA,NA,NA,0.00,NA,NA,NA
2021-09-05 00:00:00,NA,NA,NA,NA,NA,NA,NA,NA,NA,NA,NA,NA,NA,NA,NA,NA,NA,NA,NA,NA,0.00,NA,NA,NA
2021-09-06 00:00:00,NA,NA,NA,NA,NA,NA,NA,NA,NA,NA,NA,NA,NA,NA,NA,NA,NA,NA,NA,NA,0.00,NA,NA,NA
2021-09-07 00:00:00,NA,NA,NA,NA,NA,NA,NA,NA,NA,NA,NA,NA,NA,NA,NA,NA,NA,NA,NA,NA,0.00,NA,NA,NA
2021-09-08 00:00:00,NA,NA,NA,NA,NA,NA,NA,NA,NA,NA,NA,NA,NA,NA,NA,NA,NA,NA,NA,NA,0.00,NA,NA,NA
2021-09-09 00:00:00,NA,NA,NA,NA,NA,NA,NA,NA,NA,NA,NA,NA,NA,NA,NA,NA,NA,NA,NA,NA,0.00,NA,NA,NA
2021-09-10 00:00:00,NA,NA,NA,NA,NA,NA,NA,NA,NA,NA,NA,NA,NA,NA,NA,NA,NA,NA,NA,NA,0.00,NA,NA,NA
2021-09-11 00:00:00,NA,NA,NA,NA,NA,NA,NA,NA,NA,NA,NA,NA,NA,NA,NA,NA,NA,NA,NA,NA,0.00,NA,NA,NA
2021-09-12 00:00:00,NA,NA,NA,NA,NA,NA,NA,NA,NA,NA,NA,NA,NA,NA,NA,NA,NA,NA,NA,NA,0.00,NA,NA,NA
2021-09-13 00:00:00,NA,NA,NA,NA,NA,NA,NA,NA,NA,NA,NA,NA,NA,NA,NA,NA,NA,NA,NA,NA,0.00,NA,NA,NA
2021-09-14 00:00:00,NA,NA,NA,NA,NA,NA,NA,NA,NA,NA,NA,NA,NA,NA,NA,NA,NA,NA,NA,NA,0.00,NA,NA,NA
2021-09-15 00:00:00,NA,NA,NA,NA,NA,NA,NA,NA,NA,NA,NA,NA,NA,NA,NA,NA,NA,NA,NA,NA,0.00,NA,NA,NA
2021-09-16 00:00:00,NA,NA,NA,NA,NA,NA,NA,NA,NA,NA,NA,NA,NA,NA,NA,NA,NA,NA,NA,NA,0.00,NA,NA,NA
2021-09-17 00:00:00,NA,NA,NA,NA,NA,NA,NA,NA,NA,NA,NA,NA,NA,NA,NA,NA,NA,NA,NA,NA,0.00,NA,NA,NA
2021-09-18 00:00:00,NA,NA,NA,NA,NA,NA,NA,NA,NA,NA,NA,NA,NA,NA,NA,NA,NA,NA,NA,NA,0.00,NA,NA,NA
2021-09-19 00:00:00,NA,NA,NA,NA,NA,NA,NA,NA,NA,NA,NA,NA,NA,NA,NA,NA,NA,NA,NA,NA,0.00,NA,NA,NA
2021-09-20 00:00:00,NA,NA,NA,NA,NA,NA,NA,NA,NA,NA,NA,NA,NA,NA,NA,NA,NA,NA,NA,NA,0.00,NA,NA,NA
2021-09-21 00:00:00,NA,NA,NA,NA,NA,NA,NA,NA,NA,NA,NA,NA,NA,NA,NA,NA,NA,NA,NA,NA,0.00,NA,NA,NA
2021-09-22 00:00:00,NA,NA,NA,NA,NA,NA,NA,NA,NA,NA,NA,NA,NA,NA,NA,NA,NA,NA,NA,NA,0.00,NA,NA,NA
2021-09-23 00:00:00,NA,NA,NA,NA,NA,NA,NA,NA,NA,NA,NA,NA,NA,NA,NA,NA,NA,NA,NA,NA,0.00,NA,NA,NA
2021-09-24 00:00:00,NA,NA,NA,NA,NA,NA,NA,NA,NA,NA,NA,NA,NA,NA,NA,NA,NA,NA,NA,NA,0.00,NA,NA,NA
2021-09-25 00:00:00,NA,NA,NA,NA,NA,NA,NA,NA,NA,NA,NA,NA,NA,NA,NA,NA,NA,NA,NA,NA,0.00,NA,NA,NA
2021-09-26 00:00:00,NA,NA,NA,NA,NA,NA,NA,NA,NA,NA,NA,NA,NA,NA,NA,NA,NA,NA,NA,NA,0.00,NA,NA,NA
2021-09-27 00:00:00,NA,NA,NA,NA,NA,NA,NA,NA,NA,NA,NA,NA,NA,NA,NA,NA,NA,NA,NA,NA,0.00,NA,NA,NA
2021-09-28 00:00:00,NA,NA,NA,NA,NA,NA,NA,NA,NA,NA,NA,NA,NA,NA,NA,NA,NA,NA,NA,NA,0.00,NA,NA,NA
2021-09-29 00:00:00,NA,NA,NA,NA,NA,NA,NA,NA,NA,NA,NA,NA,NA,NA,NA,NA,NA,NA,NA,NA,0.00,NA,NA,NA
2021-09-30 00:00:00,NA,NA,NA,NA,NA,NA,NA,NA,NA,NA,NA,NA,NA,NA,NA,NA,NA,NA,NA,NA,0.00,NA,NA,NA
2021-10-01 00:00:00,NA,NA,NA,NA,NA,NA,NA,NA,NA,NA,NA,NA,NA,NA,NA,NA,NA,NA,NA,NA,0.00,NA,NA,NA
2021-10-02 00:00:00,NA,NA,NA,NA,NA,NA,NA,NA,NA,NA,NA,NA,NA,NA,NA,NA,NA,NA,NA,NA,0.00,NA,NA,NA
2021-10-03 00:00:00,NA,NA,NA,NA,NA,NA,NA,NA,NA,NA,NA,NA,NA,NA,NA,NA,NA,NA,NA,NA,0.00,NA,NA,NA
2021-10-04 00:00:00,NA,NA,NA,NA,NA,NA,NA,NA,NA,NA,NA,NA,NA,NA,NA,NA,NA,NA,NA,NA,0.00,NA,NA,NA
2021-10-05 00:00:00,NA,NA,NA,NA,NA,NA,NA,NA,NA,NA,NA,NA,NA,NA,NA,NA,NA,NA,NA,NA,0.00,NA,NA,NA
2021-10-06 00:00:00,NA,NA,NA,NA,NA,NA,NA,NA,NA,NA,NA,NA,NA,NA,NA,NA,NA,NA,NA,NA,0.00,NA,NA,NA
2021-10-07 00:00:00,NA,NA,NA,NA,NA,NA,NA,NA,NA,NA,NA,NA,NA,NA,NA,NA,NA,NA,NA,NA,0.00,NA,NA,NA
2021-10-08 00:00:00,NA,NA,NA,NA,NA,NA,NA,NA,NA,NA,NA,NA,NA,NA,NA,NA,NA,NA,NA,NA,0.00,NA,NA,NA
2021-10-09 00:00:00,NA,NA,NA,NA,NA,NA,NA,NA,NA,NA,NA,NA,NA,NA,NA,NA,NA,NA,NA,NA,0.00,NA,NA,NA
2021-10-10 00:00:00,NA,NA,NA,NA,NA,NA,NA,NA,NA,NA,NA,NA,NA,NA,NA,NA,NA,NA,NA,NA,0.00,NA,NA,NA
2021-10-11 00:00:00,NA,NA,NA,NA,NA,NA,NA,NA,NA,NA,NA,NA,NA,NA,NA,NA,NA,NA,NA,NA,0.00,NA,NA,NA
2021-10-12 00:00:00,NA,NA,NA,NA,NA,NA,NA,NA,NA,NA,NA,NA,NA,NA,NA,NA,NA,NA,NA,NA,0.00,NA,NA,NA
2021-10-13 00:00:00,NA,NA,NA,NA,NA,NA,NA,NA,NA,NA,NA,NA,NA,NA,NA,NA,NA,NA,NA,NA,0.00,NA,NA,NA
2021-10-14 00:00:00,NA,NA,NA,NA,NA,NA,NA,NA,NA,NA,NA,NA,NA,NA,NA,NA,NA,NA,NA,NA,0.00,NA,NA,NA
2021-10-15 00:00:00,NA,NA,NA,NA,NA,NA,NA,NA,NA,NA,NA,NA,NA,NA,NA,NA,NA,NA,NA,NA,0.00,NA,NA,NA
2021-10-16 00:00:00,NA,NA,NA,NA,NA,NA,NA,NA,NA,NA,NA,NA,NA,NA,NA,NA,NA,NA,NA,NA,0.00,NA,NA,NA
2021-10-17 00:00:00,NA,NA,NA,NA,NA,NA,NA,NA,NA,NA,NA,NA,NA,NA,NA,NA,NA,NA,NA,NA,0.00,NA,NA,NA
2021-10-18 00:00:00,NA,NA,NA,NA,NA,NA,NA,NA,NA,NA,NA,NA,NA,NA,NA,NA,NA,NA,NA,NA,0.00,NA,NA,NA
2021-10-19 00:00:00,NA,NA,NA,NA,NA,NA,NA,NA,NA,NA,NA,NA,NA,NA,NA,NA,NA,NA,NA,NA,0.00,NA,NA,NA
2021-10-20 00:00:00,NA,NA,NA,NA,NA,NA,NA,NA,NA,NA,NA,NA,NA,NA,NA,NA,NA,NA,NA,NA,0.00,NA,NA,NA
2021-10-21 00:00:00,NA,NA,NA,NA,NA,NA,NA,NA,NA,NA,NA,NA,NA,NA,NA,NA,NA,NA,NA,NA,0.00,NA,NA,NA
2021-10-22 00:00:00,NA,NA,NA,NA,NA,NA,NA,NA,NA,NA,NA,NA,NA,NA,NA,NA,NA,NA,NA,NA,0.00,NA,NA,NA
2021-10-23 00:00:00,NA,NA,NA,NA,NA,NA,NA,NA,NA,NA,NA,NA,NA,NA,NA,NA,NA,NA,NA,NA,0.00,NA,NA,NA
2021-10-24 00:00:00,NA,NA,NA,NA,NA,NA,NA,NA,NA,NA,NA,NA,NA,NA,NA,NA,NA,NA,NA,NA,0.00,NA,NA,NA
2021-10-25 00:00:00,NA,NA,NA,NA,NA,NA,NA,NA,NA,NA,NA,NA,NA,NA,NA,NA,NA,NA,NA,NA,0.00,NA,NA,NA
2021-10-26 00:00:00,NA,NA,NA,NA,NA,NA,NA,NA,NA,NA,NA,NA,NA,NA,NA,NA,NA,NA,NA,NA,0.00,NA,NA,NA
2021-10-27 00:00:00,NA,NA,NA,NA,NA,NA,NA,NA,NA,NA,NA,NA,NA,NA,NA,NA,NA,NA,NA,NA,0.00,NA,NA,NA
2021-10-28 00:00:00,NA,NA,NA,NA,NA,NA,NA,NA,NA,NA,NA,NA,NA,NA,NA,NA,NA,NA,NA,NA,0.00,NA,NA,NA
2021-10-29 00:00:00,NA,NA,NA,NA,NA,NA,NA,NA,NA,NA,NA,NA,NA,NA,NA,NA,NA,NA,NA,NA,0.00,NA,NA,NA
2021-10-30 00:00:00,NA,NA,NA,NA,NA,NA,NA,NA,NA,NA,NA,NA,NA,NA,NA,NA,NA,NA,NA,NA,0.00,NA,NA,NA
2021-10-31 00:00:00,NA,NA,NA,NA,NA,NA,NA,NA,NA,NA,NA,NA,NA,NA,NA,NA,NA,NA,NA,NA,0.00,NA,NA,NA
2021-11-01 00:00:00,NA,NA,NA,NA,NA,NA,NA,NA,NA,NA,NA,NA,NA,NA,NA,NA,NA,NA,NA,NA,0.00,NA,NA,NA
2021-11-02 00:00:00,NA,NA,NA,NA,NA,NA,NA,NA,NA,NA,NA,NA,NA,NA,NA,NA,NA,NA,NA,NA,0.00,NA,NA,NA
2021-11-03 00:00:00,NA,NA,NA,NA,NA,NA,NA,NA,NA,NA,NA,NA,NA,NA,NA,NA,NA,NA,NA,NA,0.00,NA,NA,NA
2021-11-04 00:00:00,NA,NA,NA,NA,NA,NA,NA,NA,NA,NA,NA,NA,NA,NA,NA,NA,NA,NA,NA,NA,0.00,NA,NA,NA
2021-11-05 00:00:00,NA,NA,NA,NA,NA,NA,NA,NA,NA,NA,NA,NA,NA,NA,NA,NA,NA,NA,NA,NA,0.00,NA,NA,NA
2021-11-06 00:00:00,NA,NA,NA,NA,NA,NA,NA,NA,NA,NA,NA,NA,NA,NA,NA,NA,NA,NA,NA,NA,0.00,NA,NA,NA
2021-11-07 00:00:00,NA,NA,NA,NA,NA,NA,NA,NA,NA,NA,NA,NA,NA,NA,NA,NA,NA,NA,NA,NA,0.00,NA,NA,NA
2021-11-08 00:00:00,NA,NA,NA,NA,NA,NA,NA,NA,NA,NA,NA,NA,NA,NA,NA,NA,NA,NA,NA,NA,0.00,NA,NA,NA
2021-11-09 00:00:00,NA,NA,NA,NA,NA,NA,NA,NA,NA,NA,NA,NA,NA,NA,NA,NA,NA,NA,NA,NA,0.00,NA,NA,NA
2021-11-10 00:00:00,NA,NA,NA,NA,NA,NA,NA,NA,NA,NA,NA,NA,NA,NA,NA,NA,NA,NA,NA,NA,0.00,NA,NA,NA
2021-11-11 00:00:00,NA,NA,NA,NA,NA,NA,NA,NA,NA,NA,NA,NA,NA,NA,NA,NA,NA,NA,NA,NA,0.00,NA,NA,NA
2021-11-12 00:00:00,NA,NA,NA,NA,NA,NA,NA,NA,NA,NA,NA,NA,NA,NA,NA,NA,NA,NA,NA,NA,0.00,NA,NA,NA
2021-11-13 00:00:00,NA,NA,NA,NA,NA,NA,NA,NA,NA,NA,NA,NA,NA,NA,NA,NA,NA,NA,NA,NA,0.00,NA,NA,NA
2021-11-14 00:00:00,NA,NA,NA,NA,NA,NA,NA,NA,NA,NA,NA,NA,NA,NA,NA,NA,NA,NA,NA,NA,0.00,NA,NA,NA
2021-11-15 00:00:00,NA,NA,NA,NA,NA,NA,NA,NA,NA,NA,NA,NA,NA,NA,NA,NA,NA,NA,NA,NA,0.00,NA,NA,NA
2021-11-16 00:00:00,NA,NA,NA,NA,NA,NA,NA,NA,NA,NA,NA,NA,NA,NA,NA,NA,NA,NA,NA,NA,0.00,NA,NA,NA
2021-11-17 00:00:00,NA,NA,NA,NA,NA,NA,NA,NA,NA,NA,NA,NA,NA,NA,NA,NA,NA,NA,NA,NA,0.00,NA,NA,NA
2021-11-18 00:00:00,NA,NA,NA,NA,NA,NA,NA,NA,NA,NA,NA,NA,NA,NA,NA,NA,NA,NA,NA,NA,0.00,NA,NA,NA
2021-11-19 00:00:00,NA,NA,NA,NA,NA,NA,NA,NA,NA,NA,NA,NA,NA,NA,NA,NA,NA,NA,NA,NA,0.00,NA,NA,NA
2021-11-20 00:00:00,NA,NA,NA,NA,NA,NA,NA,NA,NA,NA,NA,NA,NA,NA,NA,NA,NA,NA,NA,NA,0.00,NA,NA,NA
2021-11-21 00:00:00,NA,NA,NA,NA,NA,NA,NA,NA,NA,NA,NA,NA,NA,NA,NA,NA,NA,NA,NA,NA,0.00,NA,NA,NA
2021-11-22 00:00:00,NA,NA,NA,NA,NA,NA,NA,NA,NA,NA,NA,NA,NA,NA,NA,NA,NA,NA,NA,NA,0.00,NA,NA,NA
2021-11-23 00:00:00,NA,NA,NA,NA,NA,NA,NA,NA,NA,NA,NA,NA,NA,NA,NA,NA,NA,NA,NA,NA,0.00,NA,NA,NA
2021-11-24 00:00:00,NA,NA,NA,NA,NA,NA,NA,NA,NA,NA,NA,NA,NA,NA,NA,NA,NA,NA,NA,NA,0.00,NA,NA,NA
2021-11-25 00:00:00,NA,NA,NA,NA,NA,NA,NA,NA,NA,NA,NA,NA,NA,NA,NA,NA,NA,NA,NA,NA,0.00,NA,NA,NA
2021-11-26 00:00:00,NA,NA,NA,NA,NA,NA,NA,NA,NA,NA,NA,NA,NA,NA,NA,NA,NA,NA,NA,NA,0.00,NA,NA,NA
2021-11-27 00:00:00,NA,NA,NA,NA,NA,NA,NA,NA,NA,NA,NA,NA,NA,NA,NA,NA,NA,NA,NA,NA,0.00,NA,NA,NA
2021-11-28 00:00:00,NA,NA,NA,NA,NA,NA,NA,NA,NA,NA,NA,NA,NA,NA,NA,NA,NA,NA,NA,NA,0.00,NA,NA,NA
2021-11-29 00:00:00,NA,NA,NA,NA,NA,NA,NA,NA,NA,NA,NA,NA,NA,NA,NA,NA,NA,NA,NA,NA,0.00,NA,NA,NA
2021-11-30 00:00:00,NA,NA,NA,NA,NA,NA,NA,NA,NA,NA,NA,NA,NA,NA,NA,NA,NA,NA,NA,NA,0.00,NA,NA,NA
2021-12-01 00:00:00,NA,NA,NA,NA,NA,NA,NA,NA,NA,NA,NA,NA,NA,NA,NA,NA,NA,NA,NA,NA,0.00,NA,NA,NA
2021-12-02 00:00:00,NA,NA,NA,NA,NA,NA,NA,NA,NA,NA,NA,NA,NA,NA,NA,NA,NA,NA,NA,NA,0.00,NA,NA,NA
2021-12-03 00:00:00,NA,NA,NA,NA,NA,NA,NA,NA,NA,NA,NA,NA,NA,NA,NA,NA,NA,NA,NA,NA,0.00,NA,NA,NA
2021-12-04 00:00:00,NA,NA,NA,NA,NA,NA,NA,NA,NA,NA,NA,NA,NA,NA,NA,NA,NA,NA,NA,NA,0.00,NA,NA,NA
2021-12-05 00:00:00,NA,NA,NA,NA,NA,NA,NA,NA,NA,NA,NA,NA,NA,NA,NA,NA,NA,NA,NA,NA,0.00,NA,NA,NA
2021-12-06 00:00:00,NA,NA,NA,NA,NA,NA,NA,NA,NA,NA,NA,NA,NA,NA,NA,NA,NA,NA,NA,NA,0.00,NA,NA,NA
2021-12-07 00:00:00,NA,NA,NA,NA,NA,NA,NA,NA,NA,NA,NA,NA,NA,NA,NA,NA,NA,NA,NA,NA,0.00,NA,NA,NA
2021-12-08 00:00:00,NA,NA,NA,NA,NA,NA,NA,NA,NA,NA,NA,NA,NA,NA,NA,NA,NA,NA,NA,NA,0.00,NA,NA,NA
2021-12-09 00:00:00,NA,NA,NA,NA,NA,NA,NA,NA,NA,NA,NA,NA,NA,NA,NA,NA,NA,NA,NA,NA,0.00,NA,NA,NA
2021-12-10 00:00:00,NA,NA,NA,NA,NA,NA,NA,NA,NA,NA,NA,NA,NA,NA,NA,NA,NA,NA,NA,NA,0.00,NA,NA,NA
2021-12-11 00:00:00,NA,NA,NA,NA,NA,NA,NA,NA,NA,NA,NA,NA,NA,NA,NA,NA,NA,NA,NA,NA,0.00,NA,NA,NA
2021-12-12 00:00:00,NA,NA,NA,NA,NA,NA,NA,NA,NA,NA,NA,NA,NA,NA,NA,NA,NA,NA,NA,NA,0.00,NA,NA,NA
2021-12-13 00:00:00,NA,NA,NA,NA,NA,NA,NA,NA,NA,NA,NA,NA,NA,NA,NA,NA,NA,NA,NA,NA,0.00,NA,NA,NA
2021-12-14 00:00:00,NA,NA,NA,NA,NA,NA,NA,NA,NA,NA,NA,NA,NA,NA,NA,NA,NA,NA,NA,NA,0.00,NA,NA,NA
2021-12-15 00:00:00,NA,NA,NA,NA,NA,NA,NA,NA,NA,NA,NA,NA,NA,NA,NA,NA,NA,NA,NA,NA,0.00,NA,NA,NA
2021-12-16 00:00:00,NA,NA,NA,NA,NA,NA,NA,NA,NA,NA,NA,NA,NA,NA,NA,NA,NA,NA,NA,NA,0.00,NA,NA,NA
2021-12-17 00:00:00,NA,NA,NA,NA,NA,NA,NA,NA,NA,NA,NA,NA,NA,NA,NA,NA,NA,NA,NA,NA,0.00,NA,NA,NA
2021-12-18 00:00:00,NA,NA,NA,NA,NA,NA,NA,NA,NA,NA,NA,NA,NA,NA,NA,NA,NA,NA,NA,NA,0.00,NA,NA,NA
2021-12-19 00:00:00,NA,NA,NA,NA,NA,NA,NA,NA,NA,NA,NA,NA,NA,NA,NA,NA,NA,NA,NA,NA,0.00,NA,NA,NA
2021-12-20 00:00:00,NA,NA,NA,NA,NA,NA,NA,NA,NA,NA,NA,NA,NA,NA,NA,NA,NA,NA,NA,NA,0.00,NA,NA,NA
2021-12-21 00:00:00,NA,NA,NA,NA,NA,NA,NA,NA,NA,NA,NA,NA,NA,NA,NA,NA,NA,NA,NA,NA,0.00,NA,NA,NA
2021-12-22 00:00:00,NA,NA,NA,NA,NA,NA,NA,NA,NA,NA,NA,NA,NA,NA,NA,NA,NA,NA,NA,NA,0.00,NA,NA,NA
2021-12-23 00:00:00,NA,NA,NA,NA,NA,NA,NA,NA,NA,NA,NA,NA,NA,NA,NA,NA,NA,NA,NA,NA,0.00,NA,NA,NA
2021-12-24 00:00:00,NA,NA,NA,NA,NA,NA,NA,NA,NA,NA,NA,NA,NA,NA,NA,NA,NA,NA,NA,NA,0.00,NA,NA,NA
2021-12-25 00:00:00,NA,NA,NA,NA,NA,NA,NA,NA,NA,NA,NA,NA,NA,NA,NA,NA,NA,NA,NA,NA,0.00,NA,NA,NA
2021-12-26 00:00:00,NA,NA,NA,NA,NA,NA,NA,NA,NA,NA,NA,NA,NA,NA,NA,NA,NA,NA,NA,NA,0.00,NA,NA,NA
2021-12-27 00:00:00,NA,NA,NA,NA,NA,NA,NA,NA,NA,NA,NA,NA,NA,NA,NA,NA,NA,NA,NA,NA,0.00,NA,NA,NA
2021-12-28 00:00:00,NA,NA,NA,NA,NA,NA,NA,NA,NA,NA,NA,NA,NA,NA,NA,NA,NA,NA,NA,NA,0.00,NA,NA,NA
2021-12-29 00:00:00,NA,NA,NA,NA,NA,NA,NA,NA,NA,NA,NA,NA,NA,NA,NA,NA,NA,NA,NA,NA,0.00,NA,NA,NA
2021-12-30 00:00:00,NA,NA,NA,NA,NA,NA,NA,NA,NA,NA,NA,NA,NA,NA,NA,NA,NA,NA,NA,NA,0.00,NA,NA,NA
2021-12-31 00:00:00,NA,NA,NA,NA,NA,NA,NA,NA,NA,NA,NA,NA,NA,NA,NA,NA,NA,NA,NA,NA,0.00,NA,NA,NA
2022-01-01 00:00:00,NA,NA,NA,NA,NA,NA,NA,NA,NA,NA,NA,NA,NA,NA,NA,NA,NA,NA,NA,NA,0.00,NA,NA,NA
2022-01-02 00:00:00,NA,NA,NA,NA,NA,NA,NA,NA,NA,NA,NA,NA,NA,NA,NA,NA,NA,NA,NA,NA,0.00,NA,NA,NA
2022-01-03 00:00:00,NA,NA,NA,NA,NA,NA,NA,NA,NA,NA,NA,NA,NA,NA,NA,NA,NA,NA,NA,NA,0.00,NA,NA,NA
2022-01-04 00:00:00,NA,NA,NA,NA,NA,NA,NA,NA,NA,NA,NA,NA,NA,NA,NA,NA,NA,NA,NA,NA,0.00,NA,NA,NA
2022-01-05 00:00:00,NA,NA,NA,NA,NA,NA,NA,NA,NA,NA,NA,NA,NA,NA,NA,NA,NA,NA,NA,NA,0.00,NA,NA,NA
2022-01-06 00:00:00,NA,NA,NA,NA,NA,NA,NA,NA,NA,NA,NA,NA,NA,NA,NA,NA,NA,NA,NA,NA,0.00,NA,NA,NA
2022-01-07 00:00:00,NA,NA,NA,NA,NA,NA,NA,NA,NA,NA,NA,NA,NA,NA,NA,NA,NA,NA,NA,NA,0.00,NA,NA,NA
2022-01-08 00:00:00,NA,NA,NA,NA,NA,NA,NA,NA,NA,NA,NA,NA,NA,NA,NA,NA,NA,NA,NA,NA,0.00,NA,NA,NA
2022-01-09 00:00:00,NA,NA,NA,NA,NA,NA,NA,NA,NA,NA,NA,NA,NA,NA,NA,NA,NA,NA,NA,NA,0.00,NA,NA,NA
2022-01-10 00:00:00,NA,NA,NA,NA,NA,NA,NA,NA,NA,NA,NA,NA,NA,NA,NA,NA,NA,NA,NA,NA,0.00,NA,NA,NA
2022-01-11 00:00:00,NA,NA,NA,NA,NA,NA,NA,NA,NA,NA,NA,NA,NA,NA,NA,NA,NA,NA,NA,NA,0.00,NA,NA,NA
2022-01-12 00:00:00,NA,NA,NA,NA,NA,NA,NA,NA,NA,NA,NA,NA,NA,NA,NA,NA,NA,NA,NA,NA,0.00,NA,NA,NA
2022-01-13 00:00:00,NA,NA,NA,NA,NA,NA,NA,NA,NA,NA,NA,NA,NA,NA,NA,NA,NA,NA,NA,NA,0.00,NA,NA,NA
2022-01-14 00:00:00,NA,NA,NA,NA,NA,NA,NA,NA,NA,NA,NA,NA,NA,NA,NA,NA,NA,NA,NA,NA,0.00,NA,NA,NA
2022-01-15 00:00:00,NA,NA,NA,NA,NA,NA,NA,NA,NA,NA,NA,NA,NA,NA,NA,NA,NA,NA,NA,NA,0.00,NA,NA,NA
2022-01-16 00:00:00,NA,NA,NA,NA,NA,NA,NA,NA,NA,NA,NA,NA,NA,NA,NA,NA,NA,NA,NA,NA,0.00,NA,NA,NA
2022-01-17 00:00:00,NA,NA,NA,NA,NA,NA,NA,NA,NA,NA,NA,NA,NA,NA,NA,NA,NA,NA,NA,NA,0.00,NA,NA,NA
2022-01-18 00:00:00,NA,NA,NA,NA,NA,NA,NA,NA,NA,NA,NA,NA,NA,NA,NA,NA,NA,NA,NA,NA,0.00,NA,NA,NA
2022-01-19 00:00:00,NA,NA,NA,NA,NA,NA,NA,NA,NA,NA,NA,NA,NA,NA,NA,NA,NA,NA,NA,NA,0.00,NA,NA,NA
2022-01-20 00:00:00,NA,NA,NA,NA,NA,NA,NA,NA,NA,NA,NA,NA,NA,NA,NA,NA,NA,NA,NA,NA,0.00,NA,NA,NA
2022-01-21 00:00:00,NA,NA,NA,NA,NA,NA,NA,NA,NA,NA,NA,NA,NA,NA,NA,NA,NA,NA,NA,NA,0.00,NA,NA,NA
2022-01-22 00:00:00,NA,NA,NA,NA,NA,NA,NA,NA,NA,NA,NA,NA,NA,NA,NA,NA,NA,NA,NA,NA,0.00,NA,NA,NA
2022-01-23 00:00:00,NA,NA,NA,NA,NA,NA,NA,NA,NA,NA,NA,NA,NA,NA,NA,NA,NA,NA,NA,NA,0.00,NA,NA,NA
2022-01-24 00:00:00,NA,NA,NA,NA,NA,NA,NA,NA,NA,NA,NA,NA,NA,NA,NA,NA,NA,NA,NA,NA,0.00,NA,NA,NA
2022-01-25 00:00:00,NA,NA,NA,NA,NA,NA,NA,NA,NA,NA,NA,NA,NA,NA,NA,NA,NA,NA,NA,NA,0.00,NA,NA,NA
2022-01-26 00:00:00,NA,NA,NA,NA,NA,NA,NA,NA,NA,NA,NA,NA,NA,NA,NA,NA,NA,NA,NA,NA,0.00,NA,NA,NA
2022-01-27 00:00:00,NA,NA,NA,NA,NA,NA,NA,NA,NA,NA,NA,NA,NA,NA,NA,NA,NA,NA,NA,NA,0.00,NA,NA,NA
2022-01-28 00:00:00,NA,NA,NA,NA,NA,NA,NA,NA,NA,NA,NA,NA,NA,NA,NA,NA,NA,NA,NA,NA,0.00,NA,NA,NA
2022-01-29 00:00:00,NA,NA,NA,NA,NA,NA,NA,NA,NA,NA,NA,NA,NA,NA,NA,NA,NA,NA,NA,NA,0.00,NA,NA,NA
2022-01-30 00:00:00,NA,NA,NA,NA,NA,NA,NA,NA,NA,NA,NA,NA,NA,NA,NA,NA,NA,NA,NA,NA,0.00,NA,NA,NA
2022-01-31 00:00:00,NA,NA,NA,NA,NA,NA,NA,NA,NA,NA,NA,NA,NA,NA,NA,NA,NA,NA,NA,NA,0.00,NA,NA,NA
2022-02-01 00:00:00,NA,NA,NA,NA,NA,NA,NA,NA,NA,NA,NA,NA,NA,NA,NA,NA,NA,NA,NA,NA,0.00,NA,NA,NA
2022-02-02 00:00:00,NA,NA,NA,NA,NA,NA,NA,NA,NA,NA,NA,NA,NA,NA,NA,NA,NA,NA,NA,NA,0.00,NA,NA,NA
2022-02-03 00:00:00,NA,NA,NA,NA,NA,NA,NA,NA,NA,NA,NA,NA,NA,NA,NA,NA,NA,NA,NA,NA,0.00,NA,NA,NA
2022-02-04 00:00:00,NA,NA,NA,NA,NA,NA,NA,NA,NA,NA,NA,NA,NA,NA,NA,NA,NA,NA,NA,NA,0.00,NA,NA,NA
2022-02-05 00:00:00,NA,NA,NA,NA,NA,NA,NA,NA,NA,NA,NA,NA,NA,NA,NA,NA,NA,NA,NA,NA,0.00,NA,NA,NA
2022-02-06 00:00:00,NA,NA,NA,NA,NA,NA,NA,NA,NA,NA,NA,NA,NA,NA,NA,NA,NA,NA,NA,NA,0.00,NA,NA,NA
2022-02-07 00:00:00,NA,NA,NA,NA,NA,NA,NA,NA,NA,NA,NA,NA,NA,NA,NA,NA,NA,NA,NA,NA,0.00,NA,NA,NA
2022-02-08 00:00:00,NA,NA,NA,NA,NA,NA,NA,NA,NA,NA,NA,NA,NA,NA,NA,NA,NA,NA,NA,NA,0.00,NA,NA,NA
2022-02-09 00:00:00,NA,NA,NA,NA,NA,NA,NA,NA,NA,NA,NA,NA,NA,NA,NA,NA,NA,NA,NA,NA,0.00,NA,NA,NA
2022-02-10 00:00:00,NA,NA,NA,NA,NA,NA,NA,NA,NA,NA,NA,NA,NA,NA,NA,NA,NA,NA,NA,NA,0.00,NA,NA,NA
2022-02-11 00:00:00,NA,NA,NA,NA,NA,NA,NA,NA,NA,NA,NA,NA,NA,NA,NA,NA,NA,NA,NA,NA,0.00,NA,NA,NA
2022-02-12 00:00:00,NA,NA,NA,NA,NA,NA,NA,NA,NA,NA,NA,NA,NA,NA,NA,NA,NA,NA,NA,NA,0.00,NA,NA,NA
2022-02-13 00:00:00,NA,NA,NA,NA,NA,NA,NA,NA,NA,NA,NA,NA,NA,NA,NA,NA,NA,NA,NA,NA,0.00,NA,NA,NA
2022-02-14 00:00:00,NA,NA,NA,NA,NA,NA,NA,NA,NA,NA,NA,NA,NA,NA,NA,NA,NA,NA,NA,NA,0.00,NA,NA,NA
2022-02-15 00:00:00,NA,NA,NA,NA,NA,NA,NA,NA,NA,NA,NA,NA,NA,NA,NA,NA,NA,NA,NA,NA,0.00,NA,NA,NA
2022-02-16 00:00:00,NA,NA,NA,NA,NA,NA,NA,NA,NA,NA,NA,NA,NA,NA,NA,NA,NA,NA,NA,NA,0.00,NA,NA,NA
2022-02-17 00:00:00,NA,NA,NA,NA,NA,NA,NA,NA,NA,NA,NA,NA,NA,NA,NA,NA,NA,NA,NA,NA,0.00,NA,NA,NA
2022-02-18 00:00:00,NA,NA,NA,NA,NA,NA,NA,NA,NA,NA,NA,NA,NA,NA,NA,NA,NA,NA,NA,NA,0.00,NA,NA,NA
2022-02-19 00:00:00,NA,NA,NA,NA,NA,NA,NA,NA,NA,NA,NA,NA,NA,NA,NA,NA,NA,NA,NA,NA,0.00,NA,NA,NA
2022-02-20 00:00:00,NA,NA,NA,NA,NA,NA,NA,NA,NA,NA,NA,NA,NA,NA,NA,NA,NA,NA,NA,NA,0.00,NA,NA,NA
2022-02-21 00:00:00,NA,NA,NA,NA,NA,NA,NA,NA,NA,NA,NA,NA,NA,NA,NA,NA,NA,NA,NA,NA,0.00,NA,NA,NA
2022-02-22 00:00:00,NA,NA,NA,NA,NA,NA,NA,NA,NA,NA,NA,NA,NA,NA,NA,NA,NA,NA,NA,NA,0.00,NA,NA,NA
2022-02-23 00:00:00,NA,NA,NA,NA,NA,NA,NA,NA,NA,NA,NA,NA,NA,NA,NA,NA,NA,NA,NA,NA,0.00,NA,NA,NA
2022-02-24 00:00:00,NA,NA,NA,NA,NA,NA,NA,NA,NA,NA,NA,NA,NA,NA,NA,NA,NA,NA,NA,NA,0.00,NA,NA,NA
2022-02-25 00:00:00,NA,NA,NA,NA,NA,NA,NA,NA,NA,NA,NA,NA,NA,NA,NA,NA,NA,NA,NA,NA,0.00,NA,NA,NA
2022-02-26 00:00:00,NA,NA,NA,NA,NA,NA,NA,NA,NA,NA,NA,NA,NA,NA,NA,NA,NA,NA,NA,NA,0.00,NA,NA,NA
2022-02-27 00:00:00,NA,NA,NA,NA,NA,NA,NA,NA,NA,NA,NA,NA,NA,NA,NA,NA,NA,NA,NA,NA,0.00,NA,NA,NA
2022-02-28 00:00:00,NA,NA,NA,NA,NA,NA,NA,NA,NA,NA,NA,NA,NA,NA,NA,NA,NA,NA,NA,NA,0.00,NA,NA,NA
2022-03-01 00:00:00,NA,NA,NA,NA,NA,NA,NA,NA,NA,NA,NA,NA,NA,NA,NA,NA,NA,NA,NA,NA,0.00,NA,NA,NA
2022-03-02 00:00:00,NA,NA,NA,NA,NA,NA,NA,NA,NA,NA,NA,NA,NA,NA,NA,NA,NA,NA,NA,NA,0.00,NA,NA,NA
2022-03-03 00:00:00,NA,NA,NA,NA,NA,NA,NA,NA,NA,NA,NA,NA,NA,NA,NA,NA,NA,NA,NA,NA,0.00,NA,NA,NA
2022-03-04 00:00:00,NA,NA,NA,NA,NA,NA,NA,NA,NA,NA,NA,NA,NA,NA,NA,NA,NA,NA,NA,NA,0.00,NA,NA,NA
2022-03-05 00:00:00,NA,NA,NA,NA,NA,NA,NA,NA,NA,NA,NA,NA,NA,NA,NA,NA,NA,NA,NA,NA,0.00,NA,NA,NA
2022-03-06 00:00:00,NA,NA,NA,NA,NA,NA,NA,NA,NA,NA,NA,NA,NA,NA,NA,NA,NA,NA,NA,NA,0.00,NA,NA,NA
2022-03-07 00:00:00,NA,NA,NA,NA,NA,NA,NA,NA,NA,NA,NA,NA,NA,NA,NA,NA,NA,NA,NA,NA,0.00,NA,NA,NA
2022-03-08 00:00:00,NA,NA,NA,NA,NA,NA,NA,NA,NA,NA,NA,NA,NA,NA,NA,NA,NA,NA,NA,NA,0.00,NA,NA,NA
2022-03-09 00:00:00,NA,NA,NA,NA,NA,NA,NA,NA,NA,NA,NA,NA,NA,NA,NA,NA,NA,NA,NA,NA,0.00,NA,NA,NA
2022-03-10 00:00:00,NA,NA,NA,NA,NA,NA,NA,NA,NA,NA,NA,NA,NA,NA,NA,NA,NA,NA,NA,NA,0.00,NA,NA,NA
2022-03-11 00:00:00,NA,NA,NA,NA,NA,NA,NA,NA,NA,NA,NA,NA,NA,NA,NA,NA,NA,NA,NA,NA,0.00,NA,NA,NA
2022-03-12 00:00:00,NA,NA,NA,NA,NA,NA,NA,NA,NA,NA,NA,NA,NA,NA,NA,NA,NA,NA,NA,NA,0.00,NA,NA,NA
2022-03-13 00:00:00,NA,NA,NA,NA,NA,NA,NA,NA,NA,NA,NA,NA,NA,NA,NA,NA,NA,NA,NA,NA,0.00,NA,NA,NA
2022-03-14 00:00:00,NA,NA,NA,NA,NA,NA,NA,NA,NA,NA,NA,NA,NA,NA,NA,NA,NA,NA,NA,NA,0.00,NA,NA,NA
2022-03-15 00:00:00,NA,NA,NA,NA,NA,NA,NA,NA,NA,NA,NA,NA,NA,NA,NA,NA,NA,NA,NA,NA,0.00,NA,NA,NA
2022-03-16 00:00:00,NA,NA,NA,NA,NA,NA,NA,NA,NA,NA,NA,NA,NA,NA,NA,NA,NA,NA,NA,NA,0.00,NA,NA,NA
2022-03-17 00:00:00,NA,NA,NA,NA,NA,NA,NA,NA,NA,NA,NA,NA,NA,NA,NA,NA,NA,NA,NA,NA,0.00,NA,NA,NA
2022-03-18 00:00:00,NA,NA,NA,NA,NA,NA,NA,NA,NA,NA,NA,NA,NA,NA,NA,NA,NA,NA,NA,NA,0.00,NA,NA,NA
2022-03-19 00:00:00,NA,NA,NA,NA,NA,NA,NA,NA,NA,NA,NA,NA,NA,NA,NA,NA,NA,NA,NA,NA,0.00,NA,NA,NA
2022-03-20 00:00:00,NA,NA,NA,NA,NA,NA,NA,NA,NA,NA,NA,NA,NA,NA,NA,NA,NA,NA,NA,NA,0.00,NA,NA,NA
2022-03-21 00:00:00,NA,NA,NA,NA,NA,NA,NA,NA,NA,NA,NA,NA,NA,NA,NA,NA,NA,NA,NA,NA,0.00,NA,NA,NA
2022-03-22 00:00:00,NA,NA,NA,NA,NA,NA,NA,NA,NA,NA,NA,NA,NA,NA,NA,NA,NA,NA,NA,NA,0.00,NA,NA,NA
2022-03-23 00:00:00,NA,NA,NA,NA,NA,NA,NA,NA,NA,NA,NA,NA,NA,NA,NA,NA,NA,NA,NA,NA,0.00,NA,NA,NA
2022-03-24 00:00:00,NA,NA,NA,NA,NA,NA,NA,NA,NA,NA,NA,NA,NA,NA,NA,NA,NA,NA,NA,NA,0.00,NA,NA,NA
2022-03-25 00:00:00,NA,NA,NA,NA,NA,NA,NA,NA,NA,NA,NA,NA,NA,NA,NA,NA,NA,NA,NA,NA,0.00,NA,NA,NA
2022-03-26 00:00:00,NA,NA,NA,NA,NA,NA,NA,NA,NA,NA,NA,NA,NA,NA,NA,NA,NA,NA,NA,NA,0.00,NA,NA,NA
2022-03-27 00:00:00,NA,NA,NA,NA,NA,NA,NA,NA,NA,NA,NA,NA,NA,NA,NA,NA,NA,NA,NA,NA,0.00,NA,NA,NA
2022-03-28 00:00:00,NA,NA,NA,NA,NA,NA,NA,NA,NA,NA,NA,NA,NA,NA,NA,NA,NA,NA,NA,NA,0.00,NA,NA,NA
2022-03-29 00:00:00,NA,NA,NA,NA,NA,NA,NA,NA,NA,NA,NA,NA,NA,NA,NA,NA,NA,NA,NA,NA,0.00,NA,NA,NA
2022-03-30 00:00:00,NA,NA,NA,NA,NA,NA,NA,NA,NA,NA,NA,NA,NA,NA,NA,NA,NA,NA,NA,NA,0.00,NA,NA,NA
2022-03-31 00:00:00,NA,NA,NA,NA,NA,NA,NA,NA,NA,NA,NA,NA,NA,NA,NA,NA,NA,NA,NA,NA,0.00,NA,NA,NA
2022-04-01 00:00:00,NA,NA,NA,NA,NA,NA,NA,NA,NA,NA,NA,NA,NA,NA,NA,NA,NA,NA,NA,NA,0.00,NA,NA,NA
2022-04-02 00:00:00,NA,NA,NA,NA,NA,NA,NA,NA,NA,NA,NA,NA,NA,NA,NA,NA,NA,NA,NA,NA,0.00,NA,NA,NA
2022-04-03 00:00:00,NA,NA,NA,NA,NA,NA,NA,NA,NA,NA,NA,NA,NA,NA,NA,NA,NA,NA,NA,NA,0.00,NA,NA,NA
2022-04-04 00:00:00,NA,NA,NA,NA,NA,NA,NA,NA,NA,NA,NA,NA,NA,NA,NA,NA,NA,NA,NA,NA,0.00,NA,NA,NA
2022-04-05 00:00:00,NA,NA,NA,NA,NA,NA,NA,NA,NA,NA,NA,NA,NA,NA,NA,NA,NA,NA,NA,NA,0.00,NA,NA,NA
2022-04-06 00:00:00,NA,NA,NA,NA,NA,NA,NA,NA,NA,NA,NA,NA,NA,NA,NA,NA,NA,NA,NA,NA,0.00,NA,NA,NA
2022-04-07 00:00:00,NA,NA,NA,NA,NA,NA,NA,NA,NA,NA,NA,NA,NA,NA,NA,NA,NA,NA,NA,NA,0.00,NA,NA,NA
2022-04-08 00:00:00,NA,NA,NA,NA,NA,NA,NA,NA,NA,NA,NA,NA,NA,NA,NA,NA,NA,NA,NA,NA,0.00,NA,NA,NA
2022-04-09 00:00:00,NA,NA,NA,NA,NA,NA,NA,NA,NA,NA,NA,NA,NA,NA,NA,NA,NA,NA,NA,NA,0.00,NA,NA,NA
2022-04-10 00:00:00,NA,NA,NA,NA,NA,NA,NA,NA,NA,NA,NA,NA,NA,NA,NA,NA,NA,NA,NA,NA,0.00,NA,NA,NA
2022-04-11 00:00:00,NA,NA,NA,NA,NA,NA,NA,NA,NA,NA,NA,NA,NA,NA,NA,NA,NA,NA,NA,NA,0.00,NA,NA,NA
2022-04-12 00:00:00,NA,NA,NA,NA,NA,NA,NA,NA,NA,NA,NA,NA,NA,NA,NA,NA,NA,NA,NA,NA,0.00,NA,NA,NA
2022-04-13 00:00:00,NA,NA,NA,NA,NA,NA,NA,NA,NA,NA,NA,NA,NA,NA,NA,NA,NA,NA,NA,NA,0.00,NA,NA,NA
2022-04-14 00:00:00,NA,NA,NA,NA,NA,NA,NA,NA,NA,NA,NA,NA,NA,NA,NA,NA,NA,NA,NA,NA,0.00,NA,NA,NA
2022-04-15 00:00:00,NA,NA,NA,NA,NA,NA,NA,NA,NA,NA,NA,NA,NA,NA,NA,NA,NA,NA,NA,NA,0.00,NA,NA,NA
2022-04-16 00:00:00,NA,NA,NA,NA,NA,NA,NA,NA,NA,NA,NA,NA,NA,NA,NA,NA,NA,NA,NA,NA,0.00,NA,NA,NA
2022-04-17 00:00:00,NA,NA,NA,NA,NA,NA,NA,NA,NA,NA,NA,NA,NA,NA,NA,NA,NA,NA,NA,NA,0.00,NA,NA,NA
2022-04-18 00:00:00,NA,NA,NA,NA,NA,NA,NA,NA,NA,NA,NA,NA,NA,NA,NA,NA,NA,NA,NA,NA,0.00,NA,NA,NA
2022-04-19 00:00:00,NA,NA,NA,NA,NA,NA,NA,NA,NA,NA,NA,NA,NA,NA,NA,NA,NA,NA,NA,NA,0.00,NA,NA,NA
2022-04-20 00:00:00,NA,NA,NA,NA,NA,NA,NA,NA,NA,NA,NA,NA,NA,NA,NA,NA,NA,NA,NA,NA,0.00,NA,NA,NA
2022-04-21 00:00:00,NA,NA,NA,NA,NA,NA,NA,NA,NA,NA,NA,NA,NA,NA,NA,NA,NA,NA,NA,NA,0.00,NA,NA,NA
2022-04-22 00:00:00,NA,NA,NA,NA,NA,NA,NA,NA,NA,NA,NA,NA,NA,NA,NA,NA,NA,NA,NA,NA,0.00,NA,NA,NA
2022-04-23 00:00:00,NA,NA,NA,NA,NA,NA,NA,NA,NA,NA,NA,NA,NA,NA,NA,NA,NA,NA,NA,NA,0.00,NA,NA,NA
2022-04-24 00:00:00,NA,NA,NA,NA,NA,NA,NA,NA,NA,NA,NA,NA,NA,NA,NA,NA,NA,NA,NA,NA,0.00,NA,NA,NA
2022-04-25 00:00:00,NA,NA,NA,NA,NA,NA,NA,NA,NA,NA,NA,NA,NA,NA,NA,NA,NA,NA,NA,NA,0.00,NA,NA,NA
2022-04-26 00:00:00,NA,NA,NA,NA,NA,NA,NA,NA,NA,NA,NA,NA,NA,NA,NA,NA,NA,NA,NA,NA,0.00,NA,NA,NA
2022-04-27 00:00:00,NA,NA,NA,NA,NA,NA,NA,NA,NA,NA,NA,NA,NA,NA,NA,NA,NA,NA,NA,NA,0.00,NA,NA,NA
2022-04-28 00:00:00,NA,NA,NA,NA,NA,NA,NA,NA,NA,NA,NA,NA,NA,NA,NA,NA,NA,NA,NA,NA,0.00,NA,NA,NA
2022-04-29 00:00:00,NA,NA,NA,NA,NA,NA,NA,NA,NA,NA,NA,NA,NA,NA,NA,NA,NA,NA,NA,NA,0.00,NA,NA,NA
2022-04-30 00:00:00,NA,NA,NA,NA,NA,NA,NA,NA,NA,NA,NA,NA,NA,NA,NA,NA,NA,NA,NA,NA,0.00,NA,NA,NA
2022-05-01 00:00:00,NA,NA,NA,NA,NA,NA,NA,NA,NA,NA,NA,NA,NA,NA,NA,NA,NA,NA,NA,NA,0.00,NA,NA,NA
2022-05-02 00:00:00,NA,NA,NA,NA,NA,NA,NA,NA,NA,NA,NA,NA,NA,NA,NA,NA,NA,NA,NA,NA,0.00,NA,NA,NA
2022-05-03 00:00:00,NA,NA,NA,NA,NA,NA,NA,NA,NA,NA,NA,NA,NA,NA,NA,NA,NA,NA,NA,NA,0.00,NA,NA,NA
2022-05-04 00:00:00,NA,NA,NA,NA,NA,NA,NA,NA,NA,NA,NA,NA,NA,NA,NA,NA,NA,NA,NA,NA,0.00,NA,NA,NA
2022-05-05 00:00:00,NA,NA,NA,NA,NA,NA,NA,NA,NA,NA,NA,NA,NA,NA,NA,NA,NA,NA,NA,NA,0.00,NA,NA,NA
2022-05-06 00:00:00,NA,NA,NA,NA,NA,NA,NA,NA,NA,NA,NA,NA,NA,NA,NA,NA,NA,NA,NA,NA,0.00,NA,NA,NA
2022-05-07 00:00:00,NA,NA,NA,NA,NA,NA,NA,NA,NA,NA,NA,NA,NA,NA,NA,NA,NA,NA,NA,NA,0.00,NA,NA,NA
2022-05-08 00:00:00,NA,NA,NA,NA,NA,NA,NA,NA,NA,NA,NA,NA,NA,NA,NA,NA,NA,NA,NA,NA,0.00,NA,NA,NA
2022-05-09 00:00:00,NA,NA,NA,NA,NA,NA,NA,NA,NA,NA,NA,NA,NA,NA,NA,NA,NA,NA,NA,NA,0.00,NA,NA,NA
2022-05-10 00:00:00,NA,NA,NA,NA,NA,NA,NA,NA,NA,NA,NA,NA,NA,NA,NA,NA,NA,NA,NA,NA,0.00,NA,NA,NA
2022-05-11 00:00:00,NA,NA,NA,NA,NA,NA,NA,NA,NA,NA,NA,NA,NA,NA,NA,NA,NA,NA,NA,NA,0.00,NA,NA,NA
2022-05-12 00:00:00,NA,NA,NA,NA,NA,NA,NA,NA,NA,NA,NA,NA,NA,NA,NA,NA,NA,NA,NA,NA,0.00,NA,NA,NA
2022-05-13 00:00:00,NA,NA,NA,NA,NA,NA,NA,NA,NA,NA,NA,NA,NA,NA,NA,NA,NA,NA,NA,NA,0.00,NA,NA,NA
2022-05-14 00:00:00,NA,NA,NA,NA,NA,NA,NA,NA,NA,NA,NA,NA,NA,NA,NA,NA,NA,NA,NA,NA,0.00,NA,NA,NA
2022-05-15 00:00:00,NA,NA,NA,NA,NA,NA,NA,NA,NA,NA,NA,NA,NA,NA,NA,NA,NA,NA,NA,NA,0.00,NA,NA,NA
2022-05-16 00:00:00,NA,NA,NA,NA,NA,NA,NA,NA,NA,NA,NA,NA,NA,NA,NA,NA,NA,NA,NA,NA,0.00,NA,NA,NA
2022-05-17 00:00:00,NA,NA,NA,NA,NA,NA,NA,NA,NA,NA,NA,NA,NA,NA,NA,NA,NA,NA,NA,NA,0.00,NA,NA,NA
2022-05-18 00:00:00,NA,NA,NA,NA,NA,NA,NA,NA,NA,NA,NA,NA,NA,NA,NA,NA,NA,NA,NA,NA,0.00,NA,NA,NA
2022-05-19 00:00:00,NA,NA,NA,NA,NA,NA,NA,NA,NA,NA,NA,NA,NA,NA,NA,NA,NA,NA,NA,NA,0.00,NA,NA,NA
2022-05-20 00:00:00,NA,NA,NA,NA,NA,NA,NA,NA,NA,NA,NA,NA,NA,NA,NA,NA,NA,NA,NA,NA,0.00,NA,NA,NA
2022-05-21 00:00:00,NA,NA,NA,NA,NA,NA,NA,NA,NA,NA,NA,NA,NA,NA,NA,NA,NA,NA,NA,NA,0.00,NA,NA,NA
2022-05-22 00:00:00,NA,NA,NA,NA,NA,NA,NA,NA,NA,NA,NA,NA,NA,NA,NA,NA,NA,NA,NA,NA,0.00,NA,NA,NA
2022-05-23 00:00:00,NA,NA,NA,NA,NA,NA,NA,NA,NA,NA,NA,NA,NA,NA,NA,NA,NA,NA,NA,NA,0.00,NA,NA,NA
2022-05-24 00:00:00,NA,NA,NA,NA,NA,NA,NA,NA,NA,NA,NA,NA,NA,NA,NA,NA,NA,NA,NA,NA,0.00,NA,NA,NA
2022-05-25 00:00:00,NA,NA,NA,NA,NA,NA,NA,NA,NA,NA,NA,NA,NA,NA,NA,NA,NA,NA,NA,NA,0.00,NA,NA,NA
2022-05-26 00:00:00,NA,NA,NA,NA,NA,NA,NA,NA,NA,NA,NA,NA,NA,NA,NA,NA,NA,NA,NA,NA,0.00,NA,NA,NA
2022-05-27 00:00:00,NA,NA,NA,NA,NA,NA,NA,NA,NA,NA,NA,NA,NA,NA,NA,NA,NA,NA,NA,NA,0.00,NA,NA,NA
2022-05-28 00:00:00,NA,NA,NA,NA,NA,NA,NA,NA,NA,NA,NA,NA,NA,NA,NA,NA,NA,NA,NA,NA,0.00,NA,NA,NA
2022-05-29 00:00:00,NA,NA,NA,NA,NA,NA,NA,NA,NA,NA,NA,NA,NA,NA,NA,NA,NA,NA,NA,NA,0.00,NA,NA,NA
2022-05-30 00:00:00,NA,NA,NA,NA,NA,NA,NA,NA,NA,NA,NA,NA,NA,NA,NA,NA,NA,NA,NA,NA,0.00,NA,NA,NA
2022-05-31 00:00:00,NA,NA,NA,NA,NA,NA,NA,NA,NA,NA,NA,NA,NA,NA,NA,NA,NA,NA,NA,NA,0.00,NA,NA,NA
2022-06-01 00:00:00,NA,NA,NA,NA,NA,NA,NA,NA,NA,NA,NA,NA,NA,NA,NA,NA,NA,NA,NA,NA,0.00,NA,NA,NA
2022-06-02 00:00:00,NA,NA,NA,NA,NA,NA,NA,NA,NA,NA,NA,NA,NA,NA,NA,NA,NA,NA,NA,NA,0.00,NA,NA,NA
2022-06-03 00:00:00,NA,NA,NA,NA,NA,NA,NA,NA,NA,NA,NA,NA,NA,NA,NA,NA,NA,NA,NA,NA,0.00,NA,NA,NA
2022-06-04 00:00:00,NA,NA,NA,NA,NA,NA,NA,NA,NA,NA,NA,NA,NA,NA,NA,NA,NA,NA,NA,NA,0.00,NA,NA,NA
2022-06-05 00:00:00,NA,NA,NA,NA,NA,NA,NA,NA,NA,NA,NA,NA,NA,NA,NA,NA,NA,NA,NA,NA,0.00,NA,NA,NA
2022-06-06 00:00:00,NA,NA,NA,NA,NA,NA,NA,NA,NA,NA,NA,NA,NA,NA,NA,NA,NA,NA,NA,NA,0.00,NA,NA,NA
2022-06-07 00:00:00,NA,NA,NA,NA,NA,NA,NA,NA,NA,NA,NA,NA,NA,NA,NA,NA,NA,NA,NA,NA,0.00,NA,NA,NA
2022-06-08 00:00:00,NA,NA,NA,NA,NA,NA,NA,NA,NA,NA,NA,NA,NA,NA,NA,NA,NA,NA,NA,NA,0.00,NA,NA,NA
2022-06-09 00:00:00,NA,NA,NA,NA,NA,NA,NA,NA,NA,NA,NA,NA,NA,NA,NA,NA,NA,NA,NA,NA,0.00,NA,NA,NA
2022-06-10 00:00:00,NA,NA,NA,NA,NA,NA,NA,NA,NA,NA,NA,NA,NA,NA,NA,NA,NA,NA,NA,NA,0.00,NA,NA,NA
2022-06-11 00:00:00,NA,NA,NA,NA,NA,NA,NA,NA,NA,NA,NA,NA,NA,NA,NA,NA,NA,NA,NA,NA,0.00,NA,NA,NA
2022-06-12 00:00:00,NA,NA,NA,NA,NA,NA,NA,NA,NA,NA,NA,NA,NA,NA,NA,NA,NA,NA,NA,NA,0.00,NA,NA,NA
2022-06-13 00:00:00,NA,NA,NA,NA,NA,NA,NA,NA,NA,NA,NA,NA,NA,NA,NA,NA,NA,NA,NA,NA,0.00,NA,NA,NA
2022-06-14 00:00:00,NA,NA,NA,NA,NA,NA,NA,NA,NA,NA,NA,NA,NA,NA,NA,NA,NA,NA,NA,NA,0.00,NA,NA,NA
2022-06-15 00:00:00,NA,NA,NA,NA,NA,NA,NA,NA,NA,NA,NA,NA,NA,NA,NA,NA,NA,NA,NA,NA,0.00,NA,NA,NA
2022-06-16 00:00:00,NA,NA,NA,NA,NA,NA,NA,NA,NA,NA,NA,NA,NA,NA,NA,NA,NA,NA,NA,NA,0.00,NA,NA,NA
2022-06-17 00:00:00,NA,NA,NA,NA,NA,NA,NA,NA,NA,NA,NA,NA,NA,NA,NA,NA,NA,NA,NA,NA,0.00,NA,NA,NA
2022-06-18 00:00:00,NA,NA,NA,NA,NA,NA,NA,NA,NA,NA,NA,NA,NA,NA,NA,NA,NA,NA,NA,NA,0.00,NA,NA,NA
2022-06-19 00:00:00,NA,NA,NA,NA,NA,NA,NA,NA,NA,NA,NA,NA,NA,NA,NA,NA,NA,NA,NA,NA,0.00,NA,NA,NA
2022-06-20 00:00:00,NA,NA,NA,NA,NA,NA,NA,NA,NA,NA,NA,NA,NA,NA,NA,NA,NA,NA,NA,NA,0.00,NA,NA,NA
2022-06-21 00:00:00,NA,NA,NA,NA,NA,NA,NA,NA,NA,NA,NA,NA,NA,NA,NA,NA,NA,NA,NA,NA,0.00,NA,NA,NA
2022-06-22 00:00:00,NA,NA,NA,NA,NA,NA,NA,NA,NA,NA,NA,NA,NA,NA,NA,NA,NA,NA,NA,NA,0.00,NA,NA,NA
2022-06-23 00:00:00,NA,NA,NA,NA,NA,NA,NA,NA,NA,NA,NA,NA,NA,NA,NA,NA,NA,NA,NA,NA,0.00,NA,NA,NA
2022-06-24 00:00:00,NA,NA,NA,NA,NA,NA,NA,NA,NA,NA,NA,NA,NA,NA,NA,NA,NA,NA,NA,NA,0.00,NA,NA,NA
2022-06-25 00:00:00,NA,NA,NA,NA,NA,NA,NA,NA,NA,NA,NA,NA,NA,NA,NA,NA,NA,NA,NA,NA,0.00,NA,NA,NA
2022-06-26 00:00:00,NA,NA,NA,NA,NA,NA,NA,NA,NA,NA,NA,NA,NA,NA,NA,NA,NA,NA,NA,NA,0.00,NA,NA,NA
2022-06-27 00:00:00,NA,NA,NA,NA,NA,NA,NA,NA,NA,NA,NA,NA,NA,NA,NA,NA,NA,NA,NA,NA,0.00,NA,NA,NA
2022-06-28 00:00:00,NA,NA,NA,NA,NA,NA,NA,NA,NA,NA,NA,NA,NA,NA,NA,NA,NA,NA,NA,NA,0.00,NA,NA,NA
2022-06-29 00:00:00,NA,NA,NA,NA,NA,NA,NA,NA,NA,NA,NA,NA,NA,NA,NA,NA,NA,NA,NA,NA,0.00,NA,NA,NA
2022-06-30 00:00:00,NA,NA,NA,NA,NA,NA,NA,NA,NA,NA,NA,NA,NA,NA,NA,NA,NA,NA,NA,NA,0.00,NA,NA,NA
2022-07-01 00:00:00,NA,NA,NA,NA,NA,NA,NA,NA,NA,NA,NA,NA,NA,NA,NA,NA,NA,NA,NA,NA,0.00,NA,NA,NA
2022-07-02 00:00:00,NA,NA,NA,NA,NA,NA,NA,NA,NA,NA,NA,NA,NA,NA,NA,NA,NA,NA,NA,NA,0.00,NA,NA,NA
2022-07-03 00:00:00,NA,NA,NA,NA,NA,NA,NA,NA,NA,NA,NA,NA,NA,NA,NA,NA,NA,NA,NA,NA,0.00,NA,NA,NA
2022-07-04 00:00:00,NA,NA,NA,NA,NA,NA,NA,NA,NA,NA,NA,NA,NA,NA,NA,NA,NA,NA,NA,NA,0.00,NA,NA,NA
2022-07-05 00:00:00,NA,NA,NA,NA,NA,NA,NA,NA,NA,NA,NA,NA,NA,NA,NA,NA,NA,NA,NA,NA,0.00,NA,NA,NA
2022-07-06 00:00:00,NA,NA,NA,NA,NA,NA,NA,NA,NA,NA,NA,NA,NA,NA,NA,NA,NA,NA,NA,NA,0.00,NA,NA,NA
2022-07-07 00:00:00,NA,NA,NA,NA,NA,NA,NA,NA,NA,NA,NA,NA,NA,NA,NA,NA,NA,NA,NA,NA,0.00,NA,NA,NA
2022-07-08 00:00:00,NA,NA,NA,NA,NA,NA,NA,NA,NA,NA,NA,NA,NA,NA,NA,NA,NA,NA,NA,NA,0.00,NA,NA,NA
2022-07-09 00:00:00,NA,NA,NA,NA,NA,NA,NA,NA,NA,NA,NA,NA,NA,NA,NA,NA,NA,NA,NA,NA,0.00,NA,NA,NA
2022-07-10 00:00:00,NA,NA,NA,NA,NA,NA,NA,NA,NA,NA,NA,NA,NA,NA,NA,NA,NA,NA,NA,NA,0.00,NA,NA,NA
2022-07-11 00:00:00,NA,NA,NA,NA,NA,NA,NA,NA,NA,NA,NA,NA,NA,NA,NA,NA,NA,NA,NA,NA,0.00,NA,NA,NA
2022-07-12 00:00:00,NA,NA,NA,NA,NA,NA,NA,NA,NA,NA,NA,NA,NA,NA,NA,NA,NA,NA,NA,NA,0.00,NA,NA,NA
2022-07-13 00:00:00,NA,NA,NA,NA,NA,NA,NA,NA,NA,NA,NA,NA,NA,NA,NA,NA,NA,NA,NA,NA,0.00,NA,NA,NA
2022-07-14 00:00:00,NA,NA,NA,NA,NA,NA,NA,NA,NA,NA,NA,NA,NA,NA,NA,NA,NA,NA,NA,NA,0.00,NA,NA,NA
2022-07-15 00:00:00,NA,NA,NA,NA,NA,NA,NA,NA,NA,NA,NA,NA,NA,NA,NA,NA,NA,NA,NA,NA,0.00,NA,NA,NA
2022-07-16 00:00:00,NA,NA,NA,NA,NA,NA,NA,NA,NA,NA,NA,NA,NA,NA,NA,NA,NA,NA,NA,NA,0.00,NA,NA,NA
2022-07-17 00:00:00,NA,NA,NA,NA,NA,NA,NA,NA,NA,NA,NA,NA,NA,NA,NA,NA,NA,NA,NA,NA,0.00,NA,NA,NA
2022-07-18 00:00:00,NA,NA,NA,NA,NA,NA,NA,NA,NA,NA,NA,NA,NA,NA,NA,NA,NA,NA,NA,NA,0.00,NA,NA,NA
2022-07-19 00:00:00,NA,NA,NA,NA,NA,NA,NA,NA,NA,NA,NA,NA,NA,NA,NA,NA,NA,NA,NA,NA,0.00,NA,NA,NA
2022-07-20 00:00:00,NA,NA,NA,NA,NA,NA,NA,NA,NA,NA,NA,NA,NA,NA,NA,NA,NA,NA,NA,NA,0.00,NA,NA,NA
2022-07-21 00:00:00,NA,NA,NA,NA,NA,NA,NA,NA,NA,NA,NA,NA,NA,NA,NA,NA,NA,NA,NA,NA,0.00,NA,NA,NA
2022-07-22 00:00:00,NA,NA,NA,NA,NA,NA,NA,NA,NA,NA,NA,NA,NA,NA,NA,NA,NA,NA,NA,NA,0.00,NA,NA,NA
2022-07-23 00:00:00,NA,NA,NA,NA,NA,NA,NA,NA,NA,NA,NA,NA,NA,NA,NA,NA,NA,NA,NA,NA,0.00,NA,NA,NA
2022-07-24 00:00:00,NA,NA,NA,NA,NA,NA,NA,NA,NA,NA,NA,NA,NA,NA,NA,NA,NA,NA,NA,NA,0.00,NA,NA,NA
2022-07-25 00:00:00,NA,NA,NA,NA,NA,NA,NA,NA,NA,NA,NA,NA,NA,NA,NA,NA,NA,NA,NA,NA,0.00,NA,NA,NA
2022-07-26 00:00:00,NA,NA,NA,NA,NA,NA,NA,NA,NA,NA,NA,NA,NA,NA,NA,NA,NA,NA,NA,NA,0.00,NA,NA,NA
2022-07-27 00:00:00,NA,NA,NA,NA,NA,NA,NA,NA,NA,NA,NA,NA,NA,NA,NA,NA,NA,NA,NA,NA,0.00,NA,NA,NA
2022-07-28 00:00:00,NA,NA,NA,NA,NA,NA,NA,NA,NA,NA,NA,NA,NA,NA,NA,NA,NA,NA,NA,NA,0.00,NA,NA,NA
2022-07-29 00:00:00,NA,NA,NA,NA,NA,NA,NA,NA,NA,NA,NA,NA,NA,NA,NA,NA,NA,NA,NA,NA,0.00,NA,NA,NA
2022-07-30 00:00:00,NA,NA,NA,NA,NA,NA,NA,NA,NA,NA,NA,NA,NA,NA,NA,NA,NA,NA,NA,NA,0.00,NA,NA,NA
2022-07-31 00:00:00,NA,NA,NA,NA,NA,NA,NA,NA,NA,NA,NA,NA,NA,NA,NA,NA,NA,NA,NA,NA,0.00,NA,NA,NA
2022-08-01 00:00:00,NA,NA,NA,NA,NA,NA,NA,NA,NA,NA,NA,NA,NA,NA,NA,NA,NA,NA,NA,NA,0.00,NA,NA,NA
2022-08-02 00:00:00,NA,NA,NA,NA,NA,NA,NA,NA,NA,NA,NA,NA,NA,NA,NA,NA,NA,NA,NA,NA,0.00,NA,NA,NA
2022-08-03 00:00:00,NA,NA,NA,NA,NA,NA,NA,NA,NA,NA,NA,NA,NA,NA,NA,NA,NA,NA,NA,NA,0.00,NA,NA,NA
2022-08-04 00:00:00,NA,NA,NA,NA,NA,NA,NA,NA,NA,NA,NA,NA,NA,NA,NA,NA,NA,NA,NA,NA,0.00,NA,NA,NA
2022-08-05 00:00:00,NA,NA,NA,NA,NA,NA,NA,NA,NA,NA,NA,NA,NA,NA,NA,NA,NA,NA,NA,NA,0.00,NA,NA,NA
2022-08-06 00:00:00,NA,NA,NA,NA,NA,NA,NA,NA,NA,NA,NA,NA,NA,NA,NA,NA,NA,NA,NA,NA,0.00,NA,NA,NA
2022-08-07 00:00:00,NA,NA,NA,NA,NA,NA,NA,NA,NA,NA,NA,NA,NA,NA,NA,NA,NA,NA,NA,NA,0.00,NA,NA,NA
2022-08-08 00:00:00,NA,NA,NA,NA,NA,NA,NA,NA,NA,NA,NA,NA,NA,NA,NA,NA,NA,NA,NA,NA,0.00,NA,NA,NA
2022-08-09 00:00:00,NA,NA,NA,NA,NA,NA,NA,NA,NA,NA,NA,NA,NA,NA,NA,NA,NA,NA,NA,NA,0.00,NA,NA,NA
2022-08-10 00:00:00,NA,NA,NA,NA,NA,NA,NA,NA,NA,NA,NA,NA,NA,NA,NA,NA,NA,NA,NA,NA,0.00,NA,NA,NA
2022-08-11 00:00:00,NA,NA,NA,NA,NA,NA,NA,NA,NA,NA,NA,NA,NA,NA,NA,NA,NA,NA,NA,NA,0.00,NA,NA,NA
2022-08-12 00:00:00,NA,NA,NA,NA,NA,NA,NA,NA,NA,NA,NA,NA,NA,NA,NA,NA,NA,NA,NA,NA,0.00,NA,NA,NA
2022-08-13 00:00:00,NA,NA,NA,NA,NA,NA,NA,NA,NA,NA,NA,NA,NA,NA,NA,NA,NA,NA,NA,NA,0.00,NA,NA,NA
2022-08-14 00:00:00,NA,NA,NA,NA,NA,NA,NA,NA,NA,NA,NA,NA,NA,NA,NA,NA,NA,NA,NA,NA,0.00,NA,NA,NA
2022-08-15 00:00:00,NA,NA,NA,NA,NA,NA,NA,NA,NA,NA,NA,NA,NA,NA,NA,NA,NA,NA,NA,NA,0.00,NA,NA,NA
2022-08-16 00:00:00,NA,NA,NA,NA,NA,NA,NA,NA,NA,NA,NA,NA,NA,NA,NA,NA,NA,NA,NA,NA,0.00,NA,NA,NA
2022-08-17 00:00:00,NA,NA,NA,NA,NA,NA,NA,NA,NA,NA,NA,NA,NA,NA,NA,NA,NA,NA,NA,NA,0.00,NA,NA,NA
2022-08-18 00:00:00,NA,NA,NA,NA,NA,NA,NA,NA,NA,NA,NA,NA,NA,NA,NA,NA,NA,NA,NA,NA,0.00,NA,NA,NA
2022-08-19 00:00:00,NA,NA,NA,NA,NA,NA,NA,NA,NA,NA,NA,NA,NA,NA,NA,NA,NA,NA,NA,NA,0.00,NA,NA,NA
2022-08-20 00:00:00,NA,NA,NA,NA,NA,NA,NA,NA,NA,NA,NA,NA,NA,NA,NA,NA,NA,NA,NA,NA,0.00,NA,NA,NA
2022-08-21 00:00:00,NA,NA,NA,NA,NA,NA,NA,NA,NA,NA,NA,NA,NA,NA,NA,NA,NA,NA,NA,NA,0.00,NA,NA,NA
2022-08-22 00:00:00,NA,NA,NA,NA,NA,NA,NA,NA,NA,NA,NA,NA,NA,NA,NA,NA,NA,NA,NA,NA,0.00,NA,NA,NA
2022-08-23 00:00:00,NA,NA,NA,NA,NA,NA,NA,NA,NA,NA,NA,NA,NA,NA,NA,NA,NA,NA,NA,NA,0.00,NA,NA,NA
2022-08-24 00:00:00,NA,NA,NA,NA,NA,NA,NA,NA,NA,NA,NA,NA,NA,NA,NA,NA,NA,NA,NA,NA,0.00,NA,NA,NA
2022-08-25 00:00:00,NA,NA,NA,NA,NA,NA,NA,NA,NA,NA,NA,NA,NA,NA,NA,NA,NA,NA,NA,NA,0.00,NA,NA,NA
2022-08-26 00:00:00,NA,NA,NA,NA,NA,NA,NA,NA,NA,NA,NA,NA,NA,NA,NA,NA,NA,NA,NA,NA,0.00,NA,NA,NA
2022-08-27 00:00:00,NA,NA,NA,NA,NA,NA,NA,NA,NA,NA,NA,NA,NA,NA,NA,NA,NA,NA,NA,NA,0.00,NA,NA,NA
2022-08-28 00:00:00,NA,NA,NA,NA,NA,NA,NA,NA,NA,NA,NA,NA,NA,NA,NA,NA,NA,NA,NA,NA,0.00,NA,NA,NA
2022-08-29 00:00:00,NA,NA,NA,NA,NA,NA,NA,NA,NA,NA,NA,NA,NA,NA,NA,NA,NA,NA,NA,NA,0.00,NA,NA,NA
2022-08-30 00:00:00,NA,NA,NA,NA,NA,NA,NA,NA,NA,NA,NA,NA,NA,NA,NA,NA,NA,NA,NA,NA,0.00,NA,NA,NA
2022-08-31 00:00:00,NA,NA,NA,NA,NA,NA,NA,NA,NA,NA,NA,NA,NA,NA,NA,NA,NA,NA,NA,NA,0.00,NA,NA,NA
2022-09-01 00:00:00,NA,NA,NA,NA,NA,NA,NA,NA,NA,NA,NA,NA,NA,NA,NA,NA,NA,NA,NA,NA,0.00,NA,NA,NA
2022-09-02 00:00:00,NA,NA,NA,NA,NA,NA,NA,NA,NA,NA,NA,NA,NA,NA,NA,NA,NA,NA,NA,NA,0.00,NA,NA,NA
2022-09-03 00:00:00,NA,NA,NA,NA,NA,NA,NA,NA,NA,NA,NA,NA,NA,NA,NA,NA,NA,NA,NA,NA,0.00,NA,NA,NA
2022-09-04 00:00:00,NA,NA,NA,NA,NA,NA,NA,NA,NA,NA,NA,NA,NA,NA,NA,NA,NA,NA,NA,NA,0.00,NA,NA,NA
2022-09-05 00:00:00,NA,NA,NA,NA,NA,NA,NA,NA,NA,NA,NA,NA,NA,NA,NA,NA,NA,NA,NA,NA,0.00,NA,NA,NA
2022-09-06 00:00:00,NA,NA,NA,NA,NA,NA,NA,NA,NA,NA,NA,NA,NA,NA,NA,NA,NA,NA,NA,NA,0.00,NA,NA,NA
2022-09-07 00:00:00,NA,NA,NA,NA,NA,NA,NA,NA,NA,NA,NA,NA,NA,NA,NA,NA,NA,NA,NA,NA,0.00,NA,NA,NA
2022-09-08 00:00:00,NA,NA,NA,NA,NA,NA,NA,NA,NA,NA,NA,NA,NA,NA,NA,NA,NA,NA,NA,NA,0.00,NA,NA,NA
2022-09-09 00:00:00,NA,NA,NA,NA,NA,NA,NA,NA,NA,NA,NA,NA,NA,NA,NA,NA,NA,NA,NA,NA,0.00,NA,NA,NA
2022-09-10 00:00:00,NA,NA,NA,NA,NA,NA,NA,NA,NA,NA,NA,NA,NA,NA,NA,NA,NA,NA,NA,NA,0.00,NA,NA,NA
2022-09-11 00:00:00,NA,NA,NA,NA,NA,NA,NA,NA,NA,NA,NA,NA,NA,NA,NA,NA,NA,NA,NA,NA,0.00,NA,NA,NA
2022-09-12 00:00:00,NA,NA,NA,NA,NA,NA,NA,NA,NA,NA,NA,NA,NA,NA,NA,NA,NA,NA,NA,NA,0.00,NA,NA,NA
2022-09-13 00:00:00,NA,NA,NA,NA,NA,NA,NA,NA,NA,NA,NA,NA,NA,NA,NA,NA,NA,NA,NA,NA,0.00,NA,NA,NA
2022-09-14 00:00:00,NA,NA,NA,NA,NA,NA,NA,NA,NA,NA,NA,NA,NA,NA,NA,NA,NA,NA,NA,NA,0.00,NA,NA,NA
2022-09-15 00:00:00,NA,NA,NA,NA,NA,NA,NA,NA,NA,NA,NA,NA,NA,NA,NA,NA,NA,NA,NA,NA,0.00,NA,NA,NA
2022-09-16 00:00:00,NA,NA,NA,NA,NA,NA,NA,NA,NA,NA,NA,NA,NA,NA,NA,NA,NA,NA,NA,NA,0.00,NA,NA,NA
2022-09-17 00:00:00,NA,NA,NA,NA,NA,NA,NA,NA,NA,NA,NA,NA,NA,NA,NA,NA,NA,NA,NA,NA,0.00,NA,NA,NA
2022-09-18 00:00:00,NA,NA,NA,NA,NA,NA,NA,NA,NA,NA,NA,NA,NA,NA,NA,NA,NA,NA,NA,NA,0.00,NA,NA,NA
2022-09-19 00:00:00,NA,NA,NA,NA,NA,NA,NA,NA,NA,NA,NA,NA,NA,NA,NA,NA,NA,NA,NA,NA,0.00,NA,NA,NA
2022-09-20 00:00:00,NA,NA,NA,NA,NA,NA,NA,NA,NA,NA,NA,NA,NA,NA,NA,NA,NA,NA,NA,NA,0.00,NA,NA,NA
2022-09-21 00:00:00,NA,NA,NA,NA,NA,NA,NA,NA,NA,NA,NA,NA,NA,NA,NA,NA,NA,NA,NA,NA,0.00,NA,NA,NA
2022-09-22 00:00:00,NA,NA,NA,NA,NA,NA,NA,NA,NA,NA,NA,NA,NA,NA,NA,NA,NA,NA,NA,NA,0.00,NA,NA,NA
2022-09-23 00:00:00,NA,NA,NA,NA,NA,NA,NA,NA,NA,NA,NA,NA,NA,NA,NA,NA,NA,NA,NA,NA,0.00,NA,NA,NA
2022-09-24 00:00:00,NA,NA,NA,NA,NA,NA,NA,NA,NA,NA,NA,NA,NA,NA,NA,NA,NA,NA,NA,NA,0.00,NA,NA,NA
2022-09-25 00:00:00,NA,NA,NA,NA,NA,NA,NA,NA,NA,NA,NA,NA,NA,NA,NA,NA,NA,NA,NA,NA,0.00,NA,NA,NA
2022-09-26 00:00:00,NA,NA,NA,NA,NA,NA,NA,NA,NA,NA,NA,NA,NA,NA,NA,NA,NA,NA,NA,NA,0.00,NA,NA,NA
2022-09-27 00:00:00,NA,NA,NA,NA,NA,NA,NA,NA,NA,NA,NA,NA,NA,NA,NA,NA,NA,NA,NA,NA,0.00,NA,NA,NA
2022-09-28 00:00:00,NA,NA,NA,NA,NA,NA,NA,NA,NA,NA,NA,NA,NA,NA,NA,NA,NA,NA,NA,NA,0.00,NA,NA,NA
2022-09-29 00:00:00,NA,NA,NA,NA,NA,NA,NA,NA,NA,NA,NA,NA,NA,NA,NA,NA,NA,NA,NA,NA,0.00,NA,NA,NA
2022-09-30 00:00:00,NA,NA,NA,NA,NA,NA,NA,NA,NA,NA,NA,NA,NA,NA,NA,NA,NA,NA,NA,NA,0.00,NA,NA,NA
2022-10-01 00:00:00,NA,NA,NA,NA,NA,NA,NA,NA,NA,NA,NA,NA,NA,NA,NA,NA,NA,NA,NA,NA,0.00,NA,NA,NA
2022-10-02 00:00:00,NA,NA,NA,NA,NA,NA,NA,NA,NA,NA,NA,NA,NA,NA,NA,NA,NA,NA,NA,NA,0.00,NA,NA,NA
2022-10-03 00:00:00,NA,NA,NA,NA,NA,NA,NA,NA,NA,NA,NA,NA,NA,NA,NA,NA,NA,NA,NA,NA,0.00,NA,NA,NA
2022-10-04 00:00:00,NA,NA,NA,NA,NA,NA,NA,NA,NA,NA,NA,NA,NA,NA,NA,NA,NA,NA,NA,NA,0.00,NA,NA,NA
2022-10-05 00:00:00,NA,NA,NA,NA,NA,NA,NA,NA,NA,NA,NA,NA,NA,NA,NA,NA,NA,NA,NA,NA,0.00,NA,NA,NA
2022-10-06 00:00:00,NA,NA,NA,NA,NA,NA,NA,NA,NA,NA,NA,NA,NA,NA,NA,NA,NA,NA,NA,NA,0.00,NA,NA,NA
2022-10-07 00:00:00,NA,NA,NA,NA,NA,NA,NA,NA,NA,NA,NA,NA,NA,NA,NA,NA,NA,NA,NA,NA,0.00,NA,NA,NA
2022-10-08 00:00:00,NA,NA,NA,NA,NA,NA,NA,NA,NA,NA,NA,NA,NA,NA,NA,NA,NA,NA,NA,NA,0.00,NA,NA,NA
2022-10-09 00:00:00,NA,NA,NA,NA,NA,NA,NA,NA,NA,NA,NA,NA,NA,NA,NA,NA,NA,NA,NA,NA,0.00,NA,NA,NA
2022-10-10 00:00:00,NA,NA,NA,NA,NA,NA,NA,NA,NA,NA,NA,NA,NA,NA,NA,NA,NA,NA,NA,NA,0.00,NA,NA,NA
2022-10-11 00:00:00,NA,NA,NA,NA,NA,NA,NA,NA,NA,NA,NA,NA,NA,NA,NA,NA,NA,NA,NA,NA,0.00,NA,NA,NA
2022-10-12 00:00:00,NA,NA,NA,NA,NA,NA,NA,NA,NA,NA,NA,NA,NA,NA,NA,NA,NA,NA,NA,NA,0.00,NA,NA,NA
2022-10-13 00:00:00,NA,NA,NA,NA,NA,NA,NA,NA,NA,NA,NA,NA,NA,NA,NA,NA,NA,NA,NA,NA,0.00,NA,NA,NA
2022-10-14 00:00:00,NA,NA,NA,NA,NA,NA,NA,NA,NA,NA,NA,NA,NA,NA,NA,NA,NA,NA,NA,NA,0.00,NA,NA,NA
2022-10-15 00:00:00,NA,NA,NA,NA,NA,NA,NA,NA,NA,NA,NA,NA,NA,NA,NA,NA,NA,NA,NA,NA,0.00,NA,NA,NA
2022-10-16 00:00:00,NA,NA,NA,NA,NA,NA,NA,NA,NA,NA,NA,NA,NA,NA,NA,NA,NA,NA,NA,NA,0.00,NA,NA,NA
2022-10-17 00:00:00,NA,NA,NA,NA,NA,NA,NA,NA,NA,NA,NA,NA,NA,NA,NA,NA,NA,NA,NA,NA,0.00,NA,NA,NA
2022-10-18 00:00:00,NA,NA,NA,NA,NA,NA,NA,NA,NA,NA,NA,NA,NA,NA,NA,NA,NA,NA,NA,NA,0.00,NA,NA,NA
2022-10-19 00:00:00,NA,NA,NA,NA,NA,NA,NA,NA,NA,NA,NA,NA,NA,NA,NA,NA,NA,NA,NA,NA,0.00,NA,NA,NA
2022-10-20 00:00:00,NA,NA,NA,NA,NA,NA,NA,NA,NA,NA,NA,NA,NA,NA,NA,NA,NA,NA,NA,NA,0.00,NA,NA,NA
2022-10-21 00:00:00,NA,NA,NA,NA,NA,NA,NA,NA,NA,NA,NA,NA,NA,NA,NA,NA,NA,NA,NA,NA,0.00,NA,NA,NA
2022-10-22 00:00:00,NA,NA,NA,NA,NA,NA,NA,NA,NA,NA,NA,NA,NA,NA,NA,NA,NA,NA,NA,NA,0.00,NA,NA,NA
2022-10-23 00:00:00,NA,NA,NA,NA,NA,NA,NA,NA,NA,NA,NA,NA,NA,NA,NA,NA,NA,NA,NA,NA,0.00,NA,NA,NA
2022-10-24 00:00:00,NA,NA,NA,NA,NA,NA,NA,NA,NA,NA,NA,NA,NA,NA,NA,NA,NA,NA,NA,NA,0.00,NA,NA,NA
2022-10-25 00:00:00,NA,NA,NA,NA,NA,NA,NA,NA,NA,NA,NA,NA,NA,NA,NA,NA,NA,NA,NA,NA,0.00,NA,NA,NA
2022-10-26 00:00:00,NA,NA,NA,NA,NA,NA,NA,NA,NA,NA,NA,NA,NA,NA,NA,NA,NA,NA,NA,NA,0.00,NA,NA,NA
2022-10-27 00:00:00,NA,NA,NA,NA,NA,NA,NA,NA,NA,NA,NA,NA,NA,NA,NA,NA,NA,NA,NA,NA,0.00,NA,NA,NA
2022-10-28 00:00:00,NA,NA,NA,NA,NA,NA,NA,NA,NA,NA,NA,NA,NA,NA,NA,NA,NA,NA,NA,NA,0.00,NA,NA,NA
2022-10-29 00:00:00,NA,NA,NA,NA,NA,NA,NA,NA,NA,NA,NA,NA,NA,NA,NA,NA,NA,NA,NA,NA,0.00,NA,NA,NA
2022-10-30 00:00:00,NA,NA,NA,NA,NA,NA,NA,NA,NA,NA,NA,NA,NA,NA,NA,NA,NA,NA,NA,NA,0.00,NA,NA,NA
2022-10-31 00:00:00,NA,NA,NA,NA,NA,NA,NA,NA,NA,NA,NA,NA,NA,NA,NA,NA,NA,NA,NA,NA,0.00,NA,NA,NA
2022-11-01 00:00:00,NA,NA,NA,NA,NA,NA,NA,NA,NA,NA,NA,NA,NA,NA,NA,NA,NA,NA,NA,NA,0.00,NA,NA,NA
2022-11-02 00:00:00,NA,NA,NA,NA,NA,NA,NA,NA,NA,NA,NA,NA,NA,NA,NA,NA,NA,NA,NA,NA,0.00,NA,NA,NA
2022-11-03 00:00:00,NA,NA,NA,NA,NA,NA,NA,NA,NA,NA,NA,NA,NA,NA,NA,NA,NA,NA,NA,NA,0.00,NA,NA,NA
2022-11-04 00:00:00,NA,NA,NA,NA,NA,NA,NA,NA,NA,NA,NA,NA,NA,NA,NA,NA,NA,NA,NA,NA,0.00,NA,NA,NA
2022-11-05 00:00:00,NA,NA,NA,NA,NA,NA,NA,NA,NA,NA,NA,NA,NA,NA,NA,NA,NA,NA,NA,NA,0.00,NA,NA,NA
2022-11-06 00:00:00,NA,NA,NA,NA,NA,NA,NA,NA,NA,NA,NA,NA,NA,NA,NA,NA,NA,NA,NA,NA,0.00,NA,NA,NA
2022-11-07 00:00:00,NA,NA,NA,NA,NA,NA,NA,NA,NA,NA,NA,NA,NA,NA,NA,NA,NA,NA,NA,NA,0.00,NA,NA,NA
2022-11-08 00:00:00,NA,NA,NA,NA,NA,NA,NA,NA,NA,NA,NA,NA,NA,NA,NA,NA,NA,NA,NA,NA,0.00,NA,NA,NA
2022-11-09 00:00:00,NA,NA,NA,NA,NA,NA,NA,NA,NA,NA,NA,NA,NA,NA,NA,NA,NA,NA,NA,NA,0.00,NA,NA,NA
2022-11-10 00:00:00,NA,NA,NA,NA,NA,NA,NA,NA,NA,NA,NA,NA,NA,NA,NA,NA,NA,NA,NA,NA,0.00,NA,NA,NA
2022-11-11 00:00:00,NA,NA,NA,NA,NA,NA,NA,NA,NA,NA,NA,NA,NA,NA,NA,NA,NA,NA,NA,NA,0.00,NA,NA,NA
2022-11-12 00:00:00,NA,NA,NA,NA,NA,NA,NA,NA,NA,NA,NA,NA,NA,NA,NA,NA,NA,NA,NA,NA,0.00,NA,NA,NA
2022-11-13 00:00:00,NA,NA,NA,NA,NA,NA,NA,NA,NA,NA,NA,NA,NA,NA,NA,NA,NA,NA,NA,NA,0.00,NA,NA,NA
2022-11-14 00:00:00,NA,NA,NA,NA,NA,NA,NA,NA,NA,NA,NA,NA,NA,NA,NA,NA,NA,NA,NA,NA,0.00,NA,NA,NA
2022-11-15 00:00:00,NA,NA,NA,NA,NA,NA,NA,NA,NA,NA,NA,NA,NA,NA,NA,NA,NA,NA,NA,NA,0.00,NA,NA,NA
2022-11-16 00:00:00,NA,NA,NA,NA,NA,NA,NA,NA,NA,NA,NA,NA,NA,NA,NA,NA,NA,NA,NA,NA,0.00,NA,NA,NA
2022-11-17 00:00:00,NA,NA,NA,NA,NA,NA,NA,NA,NA,NA,NA,NA,NA,NA,NA,NA,NA,NA,NA,NA,0.00,NA,NA,NA
2022-11-18 00:00:00,NA,NA,NA,NA,NA,NA,NA,NA,NA,NA,NA,NA,NA,NA,NA,NA,NA,NA,NA,NA,0.00,NA,NA,NA
2022-11-19 00:00:00,NA,NA,NA,NA,NA,NA,NA,NA,NA,NA,NA,NA,NA,NA,NA,NA,NA,NA,NA,NA,0.00,NA,NA,NA
2022-11-20 00:00:00,NA,NA,NA,NA,NA,NA,NA,NA,NA,NA,NA,NA,NA,NA,NA,NA,NA,NA,NA,NA,0.00,NA,NA,NA
2022-11-21 00:00:00,NA,NA,NA,NA,NA,NA,NA,NA,NA,NA,NA,NA,NA,NA,NA,NA,NA,NA,NA,NA,0.00,NA,NA,NA
2022-11-22 00:00:00,NA,NA,NA,NA,NA,NA,NA,NA,NA,NA,NA,NA,NA,NA,NA,NA,NA,NA,NA,NA,0.00,NA,NA,NA
2022-11-23 00:00:00,NA,NA,NA,NA,NA,NA,NA,NA,NA,NA,NA,NA,NA,NA,NA,NA,NA,NA,NA,NA,0.00,NA,NA,NA
2022-11-24 00:00:00,NA,NA,NA,NA,NA,NA,NA,NA,NA,NA,NA,NA,NA,NA,NA,NA,NA,NA,NA,NA,0.00,NA,NA,NA
2022-11-25 00:00:00,NA,NA,NA,NA,NA,NA,NA,NA,NA,NA,NA,NA,NA,NA,NA,NA,NA,NA,NA,NA,0.00,NA,NA,NA
2022-11-26 00:00:00,NA,NA,NA,NA,NA,NA,NA,NA,NA,NA,NA,NA,NA,NA,NA,NA,NA,NA,NA,NA,0.00,NA,NA,NA
2022-11-27 00:00:00,NA,NA,NA,NA,NA,NA,NA,NA,NA,NA,NA,NA,NA,NA,NA,NA,NA,NA,NA,NA,0.00,NA,NA,NA
2022-11-28 00:00:00,NA,NA,NA,NA,NA,NA,NA,NA,NA,NA,NA,NA,NA,NA,NA,NA,NA,NA,NA,NA,0.00,NA,NA,NA
2022-11-29 00:00:00,NA,NA,NA,NA,NA,NA,NA,NA,NA,NA,NA,NA,NA,NA,NA,NA,NA,NA,NA,NA,0.00,NA,NA,NA
2022-11-30 00:00:00,NA,NA,NA,NA,NA,NA,NA,NA,NA,NA,NA,NA,NA,NA,NA,NA,NA,NA,NA,NA,0.00,NA,NA,NA
2022-12-01 00:00:00,NA,NA,NA,NA,NA,NA,NA,NA,NA,NA,NA,NA,NA,NA,NA,NA,NA,NA,NA,NA,0.00,NA,NA,NA
2022-12-02 00:00:00,NA,NA,NA,NA,NA,NA,NA,NA,NA,NA,NA,NA,NA,NA,NA,NA,NA,NA,NA,NA,0.00,NA,NA,NA
2022-12-03 00:00:00,NA,NA,NA,NA,NA,NA,NA,NA,NA,NA,NA,NA,NA,NA,NA,NA,NA,NA,NA,NA,0.00,NA,NA,NA
2022-12-04 00:00:00,NA,NA,NA,NA,NA,NA,NA,NA,NA,NA,NA,NA,NA,NA,NA,NA,NA,NA,NA,NA,0.00,NA,NA,NA
2022-12-05 00:00:00,NA,NA,NA,NA,NA,NA,NA,NA,NA,NA,NA,NA,NA,NA,NA,NA,NA,NA,NA,NA,0.00,NA,NA,NA
2022-12-06 00:00:00,NA,NA,NA,NA,NA,NA,NA,NA,NA,NA,NA,NA,NA,NA,NA,NA,NA,NA,NA,NA,0.00,NA,NA,NA
2022-12-07 00:00:00,NA,NA,NA,NA,NA,NA,NA,NA,NA,NA,NA,NA,NA,NA,NA,NA,NA,NA,NA,NA,0.00,NA,NA,NA
2022-12-08 00:00:00,NA,NA,NA,NA,NA,NA,NA,NA,NA,NA,NA,NA,NA,NA,NA,NA,NA,NA,NA,NA,0.00,NA,NA,NA
2022-12-09 00:00:00,NA,NA,NA,NA,NA,NA,NA,NA,NA,NA,NA,NA,NA,NA,NA,NA,NA,NA,NA,NA,0.00,NA,NA,NA
2022-12-10 00:00:00,NA,NA,NA,NA,NA,NA,NA,NA,NA,NA,NA,NA,NA,NA,NA,NA,NA,NA,NA,NA,0.00,NA,NA,NA
2022-12-11 00:00:00,NA,NA,NA,NA,NA,NA,NA,NA,NA,NA,NA,NA,NA,NA,NA,NA,NA,NA,NA,NA,0.00,NA,NA,NA
2022-12-12 00:00:00,NA,NA,NA,NA,NA,NA,NA,NA,NA,NA,NA,NA,NA,NA,NA,NA,NA,NA,NA,NA,0.00,NA,NA,NA
2022-12-13 00:00:00,NA,NA,NA,NA,NA,NA,NA,NA,NA,NA,NA,NA,NA,NA,NA,NA,NA,NA,NA,NA,0.00,NA,NA,NA
2022-12-14 00:00:00,NA,NA,NA,NA,NA,NA,NA,NA,NA,NA,NA,NA,NA,NA,NA,NA,NA,NA,NA,NA,0.00,NA,NA,NA
2022-12-15 00:00:00,NA,NA,NA,NA,NA,NA,NA,NA,NA,NA,NA,NA,NA,NA,NA,NA,NA,NA,NA,NA,0.00,NA,NA,NA
2022-12-16 00:00:00,NA,NA,NA,NA,NA,NA,NA,NA,NA,NA,NA,NA,NA,NA,NA,NA,NA,NA,NA,NA,0.00,NA,NA,NA
2022-12-17 00:00:00,NA,NA,NA,NA,NA,NA,NA,NA,NA,NA,NA,NA,NA,NA,NA,NA,NA,NA,NA,NA,0.00,NA,NA,NA
2022-12-18 00:00:00,NA,NA,NA,NA,NA,NA,NA,NA,NA,NA,NA,NA,NA,NA,NA,NA,NA,NA,NA,NA,0.00,NA,NA,NA
2022-12-19 00:00:00,NA,NA,NA,NA,NA,NA,NA,NA,NA,NA,NA,NA,NA,NA,NA,NA,NA,NA,NA,NA,0.00,NA,NA,NA
2022-12-20 00:00:00,NA,NA,NA,NA,NA,NA,NA,NA,NA,NA,NA,NA,NA,NA,NA,NA,NA,NA,NA,NA,0.00,NA,NA,NA
2022-12-21 00:00:00,NA,NA,NA,NA,NA,NA,NA,NA,NA,NA,NA,NA,NA,NA,NA,NA,NA,NA,NA,NA,0.00,NA,NA,NA
2022-12-22 00:00:00,NA,NA,NA,NA,NA,NA,NA,NA,NA,NA,NA,NA,NA,NA,NA,NA,NA,NA,NA,NA,0.00,NA,NA,NA
2022-12-23 00:00:00,NA,NA,NA,NA,NA,NA,NA,NA,NA,NA,NA,NA,NA,NA,NA,NA,NA,NA,NA,NA,0.00,NA,NA,NA
2022-12-24 00:00:00,NA,NA,NA,NA,NA,NA,NA,NA,NA,NA,NA,NA,NA,NA,NA,NA,NA,NA,NA,NA,0.00,NA,NA,NA
2022-12-25 00:00:00,NA,NA,NA,NA,NA,NA,NA,NA,NA,NA,NA,NA,NA,NA,NA,NA,NA,NA,NA,NA,0.00,NA,NA,NA
2022-12-26 00:00:00,NA,NA,NA,NA,NA,NA,NA,NA,NA,NA,NA,NA,NA,NA,NA,NA,NA,NA,NA,NA,0.00,NA,NA,NA
2022-12-27 00:00:00,NA,NA,NA,NA,NA,NA,NA,NA,NA,NA,NA,NA,NA,NA,NA,NA,NA,NA,NA,NA,0.00,NA,NA,NA
2022-12-28 00:00:00,NA,NA,NA,NA,NA,NA,NA,NA,NA,NA,NA,NA,NA,NA,NA,NA,NA,NA,NA,NA,0.00,NA,NA,NA
2022-12-29 00:00:00,NA,NA,NA,NA,NA,NA,NA,NA,NA,NA,NA,NA,NA,NA,NA,NA,NA,NA,NA,NA,0.00,NA,NA,NA
2022-12-30 00:00:00,NA,NA,NA,NA,NA,NA,NA,NA,NA,NA,NA,NA,NA,NA,NA,NA,NA,NA,NA,NA,0.00,NA,NA,NA
2022-12-31 00:00:00,NA,NA,NA,NA,NA,NA,NA,NA,NA,NA,NA,NA,NA,NA,NA,NA,NA,NA,NA,NA,0.00,NA,NA,NA
2023-01-01,,,,,,,,,,,,,,,,,,,,,0.0,,,
2023-01-02,,,,,,,,,,,,,,,,,,,,,0.0,,,
2023-01-03,,,,,,,,,,,,,,,,,,,,,0.0,,,
2023-01-04,,,,,,,,,,,,,,,,,,,,,0.0,,,
2023-01-05,,,,,,,,,,,,,,,,,,,,,0.0,,,
2023-01-06,,,,,,,,,,,,,,,,,,,,,0.0,,,
2023-01-07,,,,,,,,,,,,,,,,,,,,,0.0,,,
2023-01-08,,,,,,,,,,,,,,,,,,,,,0.0,,,
2023-01-09,,,,,,,,,,,,,,,,,,,,,0.0,,,
2023-01-10,,,,,,,,,,,,,,,,,,,,,0.0,,,
2023-01-11,,,,,,,,,,,,,,,,,,,,,0.0,,,
2023-01-12,,,,,,,,,,,,,,,,,,,,,0.0,,,
2023-01-13,,,,,,,,,,,,,,,,,,,,,0.0,,,
2023-01-14,,,,,,,,,,,,,,,,,,,,,0.0,,,
2023-01-15,,,,,,,,,,,,,,,,,,,,,0.0,,,
2023-01-16,,,,,,,,,,,,,,,,,,,,,0.0,,,
2023-01-17,,,,,,,,,,,,,,,,,,,,,0.0,,,
2023-01-18,,,,,,,,,,,,,,,,,,,,,0.0,,,
2023-01-19,,,,,,,,,,,,,,,,,,,,,0.0,,,
2023-01-20,64.18731481481481,103.02824074074073,4.312222222222222,9.002962962962963,8.261851851851851,4.568240740740741,3.162314814814815,1.506388888888889,56.9137037037037,1.5566666666666669,2.7998148148148148,,,0.8020370370370371,,24.70101851851852,66.32037037037037,0.4653703703703704,89.66648148148148,0.0,0.0,50.08240740740741,994.7526851851851,2.841851851851852
2023-01-21,78.79125,126.47102272727274,4.123958333333333,8.998645833333333,8.1090625,4.530208333333333,4.548576388888889,1.5655208333333333,53.37739583333333,1.559201388888889,2.8014930555555555,,,0.8004166666666667,,23.75916666666667,77.43677083333334,0.5639583333333333,77.62958333333333,0.0,0.0,114.23934027777779,995.6097916666666,3.1264583333333333
2023-01-22,90.3965,145.0975,4.0265,8.9985,8.03,4.506,0.291,1.83,9.3265,1.5630000000000002,2.7981666666666665,,,0.7993333333333335,,21.351,95.692,0.236,28.5225,0.0,0.0,0.7195,978.543,1.351
2023-01-23,,,,,,,,,,,,,,,,,,,,,0.0,,,
2023-01-24,19.515,31.325,4.326166666666667,9.27125,8.5275,4.990333333333334,4.675625,1.240625,93.578125,1.561875,2.80375,,,0.7993750000000001,,24.768,69.05933333333334,1.0871666666666666,69.39533333333334,0.0,0.0,383.38312499999995,1004.3905000000001,1.733125
2023-01-25,32.63,52.37619791666667,4.81234375,9.516197916666666,8.929375,4.793333333333333,4.103385416666667,2.2480729166666666,11.600833333333334,1.5594270833333335,2.801458333333333,,,0.79890625,,24.387604166666666,67.16552083333333,0.74203125,96.72114583333334,0.0,0.0,216.18510416666666,1007.7904687500001,3.9527083333333333
2023-01-26,26.2596875,42.14875,4.509270833333333,9.504270833333333,8.679479166666667,4.72125,6.582395833333333,2.7794791666666665,4.025520833333333,1.561597222222222,2.799201388888889,,,0.7999652777777778,,23.199270833333333,73.06281249999999,0.695625,79.89520833333334,0.0,0.0,156.75826388888888,994.5395833333333,1.8627083333333332
2023-01-27,250.98791666666668,188.984125,4.5,9.5,8.67,4.72,3.5561458333333333,1.6113541666666666,34.20041666666666,1.5602083333333334,2.7964583333333333,,,0.7994791666666666,,23.4503125,69.90375,0.6749999999999999,75.16270833333333,0.0,0.0,159.8128125,989.6857291666666,0.9796874999999999
2023-01-28,120.72767857142857,193.78410714285715,4.503333333333333,9.500416666666666,8.6725,4.7203124999999995,8.113333333333333,1.52125,55.879999999999995,1.5583680555555557,2.797222222222222,,,0.7992708333333334,,23.703125,62.76385416666667,0.4639583333333333,78.17697916666667,0.0,0.0,148.44354166666668,982.9341666666666,0.48875
2023-01-29,119.62340909090909,192.01113636363635,4.5071875,9.501458333333334,8.676562500000001,4.721666666666667,8.9934375,1.7558333333333334,71.55458333333333,1.5605902777777778,2.799375,,,0.8003472222222223,,23.8071875,75.37135416666666,0.7946875000000001,72.12114583333333,0.0,0.0,138.551875,990.0607291666666,1.0230208333333333
2023-01-30,98.069,157.416,5.153854166666666,9.8075,9.371770833333334,5.3566666666666665,5.6816666666666675,1.3494791666666668,77.11145833333333,1.641875,2.9972222222222222,,,0.8345138888888889,,24.27479166666667,75.88385416666667,1.2140625,50.8540625,0.0,0.0,144.02895833333332,999.1886458333333,1.5695833333333333
2023-01-31,91.35270833333334,146.63583333333335,5.5009375,10.0,9.760833333333332,6.4203125000000005,9.051666666666668,1.5336458333333332,81.57958333333333,1.7897916666666667,3.34125,,,0.8908333333333333,,24.511979166666666,72.98479166666667,0.7398958333333333,60.71885416666667,0.0,0.0,136.74979166666665,985.0736458333334,0.2510416666666666
2023-02-01,99.58267857142857,159.8430357142857,5.538571428571429,10.002857142857142,9.792142857142858,6.425357142857143,8.37547619047619,1.5633333333333332,80.43130952380953,1.7920238095238097,3.341904761904762,,,0.8883333333333334,,24.28392857142857,71.36214285714286,1.083154761904762,37.9914880952381,0.0,0.0,185.29863095238096,992.3279166666667,1.0391666666666668
2023-02-02,,,,,,,,,,,,,,,,,,,,,0.0,,,
2023-02-03,62.881458333333335,92.73354166666667,4.76234375,9.497864583333333,8.888854166666667,4.24,18.256666666666668,1.39375,112.21322916666666,1.78921875,3.33453125,,,0.88984375,,26.084791666666668,57.4146875,0.9377604166666667,90.04390625,0.0,0.0,236.58614583333332,757.4879166666667,1.790625
2023-02-04,31.33134920634921,42.96757936507937,4.8196875,9.499479166666667,8.935729166666667,4.24,5.844375,1.4555208333333332,79.00479166666666,1.7895486111111112,3.3377777777777777,,,0.8882986111111112,,24.70114583333333,71.49333333333333,0.5983333333333333,78.62677083333334,0.0,0.0,176.291875,721.7773958333333,2.099479166666667
2023-02-05,59.74828947368421,90.6921052631579,4.828464912280701,9.504122807017543,8.945526315789474,4.24,4.028991228070176,1.6521052631578947,68.32934210526315,1.7897368421052633,3.3414035087719296,,,0.8906578947368421,,24.532149122807017,73.49859649122807,0.6453070175438597,67.85438596491228,0.0,0.0,212.50359649122808,719.9785526315789,1.3868421052631579
2023-02-06,,,,,,,,,,,,,,,,,,,,,0.0,,,
2023-02-07,64.1401923076923,106.90076923076923,0.8273958333333333,1.5002222222222221,1.3591145833333333,4.24,3.8135416666666666,0.9894270833333333,53.634166666666665,2.267916666666667,3.105208333333333,,,7.38015625,,25.975625,64.95213541666666,0.8574479166666666,166.9890625,0.0,0.0,252.19286458333335,719.028125,-0.4311458333333334
2023-02-08,91.1834090909091,151.8346590909091,3.6308333333333334,6.918020833333333,3.0995833333333334,9.393333333333333,3.954930555555556,0.9913888888888889,58.119285714285716,3.0939930555555555,2.358715277777778,,,15.926909722222222,,24.728194444444444,74.39677083333333,0.6225694444444444,139.17715277777776,0.0,0.0,169.11600694444445,719.5202083333334,-1.7413541666666668
2023-02-09,79.51127192982456,123.60785087719299,6.648260869565218,12.861780303030303,11.5581884057971,8.732101449275362,5.0751388888888895,0.9891666666666667,47.59,0.6107986111111111,1.7900694444444445,,,0.7949305555555556,,25.046006944444443,72.76177083333333,0.5740277777777777,120.89232638888889,0.0,0.0,168.15305555555554,763.0514930555555,0.13621527777777778
2023-02-10,67.27427083333333,104.58635416666665,6.032291666666667,18.3540625,14.6665625,7.3801041666666665,7.522391304347827,0.8242708333333333,50.013958333333335,0.4176041666666666,1.1854166666666666,,,0.34197916666666667,,25.305833333333336,71.62416666666667,0.5085416666666667,134.28645833333334,0.0,0.0,167.97708333333335,749.7873958333333,-0.21729166666666666
2023-02-11,78.50795454545454,126.62386363636364,7.090113636363637,18.959583333333335,15.84905303030303,10.489090909090908,3.4222222222222225,0.9217361111111111,56.49559027777778,0.4399652777777778,1.2996180555555557,,,0.39749999999999996,,25.33736111111111,74.40430555555555,0.6006597222222222,140.8582638888889,0.0,0.0,172.00420138888887,745.2602083333333,-1.7769791666666668
2023-02-12,122.79656250000001,176.05444444444444,5.332638888888889,16.967847222222222,13.360624999999999,8.336944444444445,6.3961538461538465,0.8523076923076923,63.93865384615385,0.33192307692307693,0.9007692307692309,,,0.24596153846153848,,24.513653846153847,75.36326923076923,0.6411538461538462,189.49442307692306,0.0,0.0,190.23903846153846,737.455,-4.195384615384616
2023-02-13,79.635,142.96673076923076,3.245,15.809821428571428,11.047142857142857,4.202857142857143,9.309270833333333,0.9025520833333334,82.77546875,0.3055357142857143,0.5396428571428571,,,0.10071428571428571,,27.191666666666666,52.705729166666664,0.9794270833333333,78.36755208333334,0.0,0.0,275.46135416666664,758.166875,0.17593749999999997
2023-02-14,92.45673913043478,184.9136956521739,5.3178125,19.816770833333333,14.863854166666668,8.564270833333333,2.2089583333333334,1.1679166666666667,68.29916666666666,0.30135416666666665,0.5723958333333333,,,0.16843750000000002,,25.278958333333335,66.78552083333334,0.7263541666666667,78.57625,0.0,0.0,189.7985763888889,750.5475,-0.4761458333333333
2023-02-15,44.02597222222222,88.05486111111111,7.200694444444445,18.80263888888889,15.855416666666665,8.849722222222221,2.749236111111111,1.1406944444444445,65.12569444444445,0.42999999999999994,1.3825,,,0.39416666666666667,,24.595000000000002,67.7025,0.9315277777777777,50.08347222222222,0.0,0.0,256.9972222222222,757.4418055555556,0.635
2023-02-16,78.06296875,135.913125,5.4253124999999995,17.798802083333335,13.878020833333332,10.45359375,4.69703125,0.9358333333333334,81.90744791666667,0.45151041666666664,1.3290104166666667,,,0.389375,,26.525052083333332,62.547968749999995,0.7530208333333334,143.33026041666668,0.0,0.0,277.2946875,757.7098958333333,0.8241145833333334
2023-02-17,104.75125000000001,174.585,5.574270833333333,17.239479166666666,13.701875000000001,8.228229166666667,3.9407638888888887,0.8736458333333333,58.78822916666667,0.38937499999999997,0.9790625,,,0.30145833333333333,,24.650000000000002,74.75791666666667,0.7078125000000001,141.6384375,0.0,0.0,182.07833333333335,754.3198958333334,0.7523958333333334
2023-02-18,74.096875,123.49343750000001,5.652604166666666,16.713541666666668,13.485625,6.582708333333333,2.9459375,0.8357291666666667,52.823125,0.3596875,0.8421875,,,0.27239583333333334,,24.79041666666667,73.72604166666666,0.6069791666666666,144.92708333333334,0.0,0.0,162.1253125,754.0305208333333,0.9865624999999999
2023-02-19,53.09072916666667,88.48552083333334,6.221979166666667,16.427916666666665,13.795625000000001,6.594479166666666,2.5056249999999998,0.8832291666666667,38.54479166666667,0.3592708333333334,0.8721875,,,0.28541666666666665,,25.054270833333334,71.01958333333333,0.6584375,139.45895833333333,0.0,0.0,183.54541666666668,755.4022916666667,1.1495833333333334
2023-02-20,47.2484375,78.74885416666667,6.3073958333333335,17.200833333333332,14.277395833333335,6.7281249999999995,3.461704545454545,0.7323958333333334,44.407708333333325,0.3676041666666667,0.8775,,,0.283125,,25.312291666666667,70.50875,0.7098958333333334,155.62562499999999,0.0,0.0,173.94927083333334,756.593125,1.1753125
2023-02-21,60.67302083333333,101.1225,6.5843750000000005,16.918958333333332,14.352708333333334,7.892083333333333,5.8992708333333335,0.8825,57.93635416666666,0.4041666666666666,0.9803125,,,0.3003125,,25.580625,70.47822916666667,0.6208333333333333,135.04947916666666,0.0,0.0,175.34729166666668,754.6889583333333,1.0057291666666666
2023-02-22,77.86979166666667,131.1314236111111,6.8076736111111105,18.370243055555555,15.305868055555555,8.30420138888889,3.6106944444444444,0.8795138888888889,62.23861111111111,0.3832638888888889,0.9620486111111112,,,0.3001388888888889,,25.472118055555555,69.77597222222222,0.7034027777777778,140.95059027777776,0.0,0.0,179.3270486111111,754.8227777777778,0.7350347222222222
2023-02-23,82.28319444444445,139.4634027777778,5.615277777777778,17.489965277777777,13.868229166666666,6.550833333333333,3.4780208333333333,0.8167013888888889,63.674791666666664,0.3806597222222223,0.8405902777777778,,,0.2686458333333333,,25.081944444444446,73.14732638888889,0.7284027777777777,162.56777777777776,0.0,0.0,176.68086805555558,753.9386111111111,0.4483333333333333
2023-02-24,93.76055555555557,158.91659722222224,6.526041666666667,18.669444444444444,15.2359375,6.975868055555555,2.1083333333333334,0.8255555555555555,39.047222222222224,0.3614236111111111,0.9508680555555555,,,0.2889583333333333,,24.17090277777778,80.14604166666668,0.4548263888888889,141.86246527777777,0.0,0.0,159.64927083333333,746.8111805555556,-0.4605902777777778
2023-02-25,73.50604166666666,124.58999999999999,5.981979166666666,17.558125,14.202916666666667,7.983854166666667,3.6414855072463768,0.82,50.63614583333333,0.44,1.0514583333333334,,,0.33364583333333336,,25.566145833333334,72.00645833333333,0.5788541666666667,131.830625,0.0,0.0,169.06479166666665,752.5930208333333,0.40572916666666664
2023-02-26,94.79367647058824,160.66764705882355,5.9576086956521745,19.19782608695652,15.0425,10.479456521739131,4.909782608695652,0.8403260869565218,55.91010869565217,0.4605434782608696,1.1478260869565218,,,0.3120652173913044,,24.748260869565218,64.89271739130434,0.6732608695652174,120.99815217391304,0.0,0.0,159.0046739130435,750.7644565217391,-0.10641304347826086
2023-02-27,113.27416666666666,191.99180555555554,8.787777777777778,21.595,18.630277777777778,7.232777777777778,4.328611111111111,1.8126388888888891,21.494027777777777,0.6154166666666666,2.437361111111111,,,0.7856944444444444,,23.396666666666665,77.10208333333333,0.5565277777777777,59.09847222222222,0.0,0.0,139.80208333333334,747.6944444444443,-0.057500000000000016
2023-02-28,,,,,,,,,,,,,,,,,,,,,0.0,,,
2023-03-01,,,,,,,,,,,,,,,,,,,,,0.0,,,
2023-03-02,63.61560185185186,107.82435185185186,5.304953703703704,19.26851851851852,14.56324074074074,8.590092592592592,4.470509259259259,0.8818981481481482,98.39462962962962,0.33078703703703705,1.635,,,0.32791666666666663,,27.40449074074074,41.52949074074074,0.6999074074074074,165.54967592592592,0.0,0.0,300.71074074074073,750.715787037037,-0.8905092592592592
2023-03-03,100.971875,171.14010416666667,6.353229166666666,24.176770833333336,18.025208333333335,7.3203125,7.173333333333333,1.0588541666666667,76.6603125,0.23,0.0,,,0.01,,25.793645833333333,49.953541666666666,0.47239583333333335,113.82593750000001,0.0,0.0,166.1671875,752.0881250000001,0.7604166666666666
2023-03-04,99.06152173913043,167.9033695652174,6.177717391304348,22.83891304347826,17.171195652173914,8.18,6.654565217391305,1.327391304347826,51.81771739130434,0.27434782608695657,0.4505434782608696,,,0.14108695652173914,,25.366956521739134,50.8866304347826,0.6151086956521739,99.64684782608695,0.0,0.0,149.98847826086958,753.698804347826,1.004673913043478
2023-03-05,114.89833333333333,194.74385416666667,5.947083333333333,22.782708333333332,16.9540625,9.5096875,8.070416666666667,1.6641666666666666,63.975625,0.9423958333333333,3.2015625,,,0.8883333333333333,,25.58604166666667,55.83145833333333,0.5181250000000001,120.17302083333334,0.0,0.0,174.98135416666665,751.9975,0.765
2023-03-06,83.9496875,142.28760416666668,6.050486111111112,21.34642361111111,16.272708333333334,13.933055555555555,4.468784722222222,1.0018402777777777,60.76777777777778,0.4346527777777778,1.6374305555555555,,,0.521875,,25.62121527777778,55.66020833333334,0.5644444444444444,158.0276736111111,0.0,0.0,168.38284722222224,753.9595833333333,1.1780555555555556
2023-03-07,100.814375,170.873125,7.646458333333334,22.30541666666667,18.080729166666668,10.167291666666666,9.263809523809524,1.1489583333333333,52.72114583333333,0.481875,2.279375,,,0.665,,25.434166666666666,64.63541666666667,0.44697916666666665,132.5565625,0.0,0.0,151.29666666666665,751.8337500000001,0.9613541666666666
2023-03-08,94.67843749999999,160.47083333333333,5.8105208333333325,18.995208333333334,14.827395833333334,8.35125,5.0684375,0.9463541666666666,61.29010416666666,0.37135416666666665,1.3254166666666667,,,0.3536458333333334,,25.73239583333333,62.06604166666667,0.6745833333333334,90.96822916666666,0.0,0.0,173.07395833333337,755.49375,1.2530208333333335
2023-03-09,81.811875,138.66447916666667,5.684895833333333,18.511770833333333,14.467916666666667,6.372812499999999,4.378333333333333,0.9835416666666666,60.53125,0.6584374999999999,1.1164583333333333,,,0.32937500000000003,,25.406770833333336,67.73739583333334,0.5864583333333333,108.2284375,0.0,0.0,119.004375,752.7609375000001,0.9929166666666668
2023-03-10,86.35520833333334,146.36395833333333,5.786874999999999,19.140208333333334,14.885208333333333,6.478958333333334,8.907256944444445,0.9565625,60.02135416666667,0.9613541666666667,4.159270833333333,,,0.37041666666666667,,25.8646875,63.6096875,0.5259375000000001,90.25885416666667,0.0,0.0,164.9140625,752.4008333333333,0.9355208333333334
2023-03-11,88.07697916666666,149.28,5.8046875,19.663541666666667,15.178541666666668,13.319166666666668,3.3440624999999997,0.9994791666666667,61.626979166666665,0.3596875,1.5148958333333333,,,0.30864583333333334,,25.635520833333334,65.335,0.7115625,81.45635416666667,0.0,0.0,162.1440625,755.5212499999999,1.3303125
2023-03-12,86.73340909090909,147.00488636363636,6.1125,19.283194444444444,15.225590277777778,11.613958333333334,2.3592063492063495,1.074548611111111,51.00232638888889,0.4658680555555555,2.3763541666666668,,,0.3344097222222222,,25.582708333333333,64.83364583333334,0.5596180555555555,82.55940972222223,0.0,0.0,176.76694444444445,754.0277777777778,1.2186805555555555
2023-03-13,109.25532608695652,185.1788043478261,5.5653125,20.376041666666666,15.362812499999999,9.270729166666667,1.8765789473684211,1.0729166666666667,48.52739583333334,0.501875,1.6043749999999999,,,0.28822916666666665,,25.489270833333332,61.236250000000005,0.4741666666666667,87.4015625,0.0,0.0,174.97145833333332,752.1535416666667,0.9542708333333333
2023-03-14,96.93854166666667,164.3025,5.752187500000001,20.587395833333336,15.627604166666666,8.104270833333333,5.388958333333334,1.1971875,68.13947916666667,0.8977083333333332,2.1480208333333333,,,0.30083333333333334,,25.53770833333333,61.814375000000005,0.555,113.68520833333334,0.0,0.0,156.87947916666667,753.5758333333333,1.0972916666666668
2023-03-15,65.01029411764705,110.18632352941177,5.6973529411764705,16.705000000000002,13.517794117647059,4.42514705882353,1.8487254901960786,0.95,39.09132352941177,0.3986764705882353,1.3170588235294118,,,0.20691176470588235,,25.836617647058826,74.34191176470588,0.6379411764705881,93.86485294117648,0.0,0.0,221.57014705882352,755.8158823529412,1.426764705882353
2023-03-16,,,,,,,,,,,,,,,,,,,,,0.0,,,
2023-03-17,21.30921875,36.11723958333334,4.484895833333333,16.377552083333335,12.357395833333333,6.46359375,1.7407291666666667,0.8403125,43.88395833333333,0.30302083333333335,0.6450520833333333,,,0.09510416666666666,,24.669010416666666,72.37760416666667,0.9283333333333333,70.50520833333333,0.0,0.0,158.88609375,755.2938020833334,0.15166666666666664
2023-03-18,39.118229166666666,66.301875,5.945,17.41541666666667,14.095729166666667,5.634583333333333,2.7827083333333333,0.92125,24.40614583333333,0.3407291666666667,0.9726041666666667,,,0.11010416666666667,,24.261875,81.13020833333333,0.9146875,81.42125,0.0,0.0,124.91791666666666,757.0157291666666,0.9859375
2023-03-19,20.954204545454544,33.97119565217391,5.809895833333333,15.308854166666668,12.866145833333334,4.702395833333333,3.5517708333333338,0.7369791666666666,49.32208333333333,0.2792708333333333,0.4588541666666666,,,0.05583333333333334,,24.035833333333333,79.9271875,1.0498958333333333,77.19375000000001,0.0,0.0,173.71927083333333,764.5398958333334,2.113958333333333
2023-03-20,33.52260416666667,56.81822916666667,6.5867708333333335,16.452430555555555,14.106215277777778,3.5507291666666667,1.711984126984127,0.7214583333333334,35.66739583333334,0.3151736111111111,0.6143402777777778,,,0.050624999999999996,,25.475381944444447,79.51201388888889,0.8348958333333334,107.7698611111111,0.0,0.0,157.67871527777777,760.2952777777778,1.7090625
2023-03-21,63.158289473684206,107.04986842105264,5.864999999999999,15.347604166666668,12.931354166666667,3.7485416666666667,3.4477083333333334,0.6610416666666666,42.71822916666667,0.33531249999999996,0.594375,,,0.021979166666666664,,26.285,75.76135416666666,0.7799999999999999,118.6584375,0.0,0.0,168.95395833333333,759.8416666666667,1.6883333333333335
2023-03-22,60.113815789473676,101.88842105263159,5.939687500000001,14.7159375,12.65625,5.724166666666666,2.2136805555555554,0.6803125,39.70520833333334,0.30052083333333335,0.5593750000000001,,,0.018020833333333333,,26.6125,76.35802083333333,0.9005208333333333,145.66375,0.0,0.0,172.24708333333334,759.6879166666666,1.1613541666666667
2023-03-23,75.63015873015873,122.36056818181818,5.032013888888889,15.187951388888889,12.16954861111111,6.284826388888889,0.9164999999999999,0.7534375,29.0234375,0.32208333333333333,0.8012152777777778,,,0.0153125,,26.28402777777778,79.96732638888888,0.7517708333333334,145.52666666666667,0.0,0.0,142.22118055555555,751.6822916666666,-0.5046875
2023-03-24,61.36845238095238,104.01503968253967,5.5373913043478264,14.595108695652174,12.265471014492755,4.615217391304348,2.075873015873016,0.7305072463768115,22.759384057971012,0.3253623188405797,0.8553260869565217,,,0.014021739130434783,,26.968985507246376,77.51659420289855,0.7494927536231885,123.86945652173912,0.0,0.0,178.61239130434782,752.3992028985507,-0.1930072463768116
2023-03-25,,,,,,,,,,,,,,,,,,,,,0.0,,,
2023-03-26,76.04291666666667,128.8861111111111,4.9512777777777774,13.488555555555555,11.199333333333334,4.057166666666666,3.4654444444444445,0.6288888888888889,43.205555555555556,0.29338888888888887,0.4888333333333333,,,0.01,,28.0545,68.46483333333335,1.0396666666666665,190.54672222222223,0.0,0.0,233.786,760.1800000000001,0.6543888888888889
2023-03-27,,,,,,,,,,,,,,,,,,,,,0.0,,,
2023-03-28,51.84934523809524,87.8789880952381,5.17859375,14.189635416666667,11.758333333333333,4.026822916666666,3.0890104166666665,0.7521875,39.34885416666667,0.23,0.0,,,0.01,,28.24359375,67.47713541666667,0.9983333333333333,186.25125,0.0,0.0,231.00182291666667,752.71625,-1.2569270833333333
2023-03-29,26.634479166666665,45.14302083333333,5.438020833333333,14.172430555555556,11.960243055555557,4.862222222222222,2.677395833333333,0.7142708333333333,24.915381944444444,0.2694097222222222,0.47086805555555555,,,0.01,,26.783715277777777,73.91638888888889,0.8612152777777777,148.25149305555556,0.0,0.0,166.45125,749.4675347222222,-1.3550347222222223
2023-03-30,28.33871527777778,48.03302083333333,5.435208333333333,14.026631944444444,11.879479166666668,4.724826388888888,2.340451388888889,0.7214236111111111,29.891805555555553,0.2845138888888889,0.5667361111111111,,,0.010104166666666666,,26.723923611111108,74.02430555555556,0.8167013888888889,164.04409722222223,0.0,0.0,162.50069444444446,748.9468402777778,-1.2711458333333334
2023-03-31,46.7603125,79.25354166666666,5.503229166666666,13.966666666666667,11.903020833333334,4.428020833333333,5.945520833333333,0.7022916666666666,44.428333333333335,0.29552083333333334,0.5821875,,,0.01,,26.807708333333334,75.2934375,0.8359375,152.82822916666666,0.0,0.0,175.55208333333334,749.2486458333333,-1.2235416666666665
2023-04-01,48.73173913043478,82.59521739130435,5.456145833333333,13.974375,11.868333333333332,3.8054166666666664,2.618333333333333,0.7988541666666666,39.093333333333334,0.2860416666666667,0.5780208333333333,,,0.01,,27.106145833333333,72.91114583333334,0.8369791666666666,141.6421875,0.0,0.0,156.91760416666668,749.1090625,-1.1861458333333335
2023-04-02,80.86166666666666,137.0521875,5.347395833333334,14.481875,12.050312499999999,3.049791666666667,3.232149122807017,0.7090624999999999,31.081979166666667,0.301875,0.5920833333333333,,,0.01,,26.761354166666667,75.6028125,0.89,118.07427083333334,0.0,0.0,169.9428125,756.8883333333333,0.8784375
2023-04-03,455.08,771.32,5.6812499999999995,13.526145833333333,11.813472222222222,1.4994791666666665,3.4828819444444448,0.75,13.710572916666667,0.28277777777777774,0.45541666666666664,,,0.01,,27.52684027777778,74.62229166666667,0.8486111111111111,168.84430555555556,0.0,0.0,173.6419791666667,764.119826388889,2.633611111111111
2023-04-04,451.9195833333333,765.9633333333335,5.099920634920634,13.1440873015873,11.13765873015873,1.779047619047619,1.6948015873015874,,52.07661458333333,0.29083333333333333,0.4321428571428572,,,0.01011904761904762,,27.851904761904763,70.24920634920635,1.0181349206349206,194.22845238095238,0.0,0.0,184.96265873015872,766.1197222222222,2.700833333333333
2023-04-05,,,,,,,,,,,,,,,,,,,,,0.0,,,
2023-04-06,7.80859375,,5.789947916666667,13.34,11.803645833333333,1.42234375,2.1602272727272727,0.90859375,42.01828125,0.29401041666666666,0.5171354166666666,,,0.01,,28.57328125,64.17677083333334,0.9427604166666667,165.01442708333335,0.0,0.0,247.75630208333334,755.6288020833333,-0.2844791666666667
2023-04-07,4.2175,,5.464166666666667,13.685104166666667,11.720833333333333,2.13125,1.9009583333333335,0.6578125,32.445,0.2771875,0.5036458333333333,,,0.01,,27.520937500000002,69.845,0.6905208333333334,180.3215625,0.0,0.0,183.1659375,749.4870833333333,-0.9747916666666666
2023-04-08,6.392753623188406,,5.378514492753623,14.132463768115942,11.889855072463769,3.1877536231884056,3.2136842105263157,0.7296014492753623,40.23202898550725,0.391304347826087,0.6530072463768116,,,0.01,,27.229927536231884,70.3808695652174,0.7252898550724637,116.26797101449276,0.0,0.0,141.62855072463768,749.2123188405798,-1.1194202898550725
2023-04-09,6.6710416666666665,,5.005833333333333,14.425624999999998,11.742916666666666,3.502708333333333,0.9774999999999999,0.7182291666666667,45.379375,0.3070833333333333,0.5714583333333333,,,0.01,,27.399479166666666,64.03197916666666,0.5585416666666666,149.12010416666666,0.0,0.0,178.99038194444447,747.1913541666667,-1.2577083333333334
2023-04-10,6.2425,,4.227986111111111,14.531666666666666,11.166909722222222,4.199513888888888,3.8134027777777777,0.6437847222222223,49.749409722222225,0.29461805555555554,0.6304166666666666,,,0.01,,27.504479166666666,61.94229166666667,0.6386805555555556,191.51590277777777,0.0,0.0,171.76142361111113,749.1986111111111,-1.1390624999999999
2023-04-11,3.457142857142857,,5.308750000000001,16.103928571428572,12.882857142857144,4.881071428571429,22.105,0.7701785714285715,12.781428571428572,0.4258928571428572,2.0298214285714287,,,0.01,,27.275178571428572,63.70017857142857,0.49142857142857144,187.44339285714287,0.0,0.0,275.5044642857143,748.72,-0.5094642857142857
2023-04-12,,,,,,,,,,,,,,,,,,,,,0.0,,,
2023-04-13,,,,,,,,,,,,,,,,,,,,,0.0,,,
2023-04-14,7.954791666666667,,5.24109375,15.125052083333333,12.306927083333333,3.4658333333333333,14.415729166666667,0.806875,5.488125,1.6121875,10.653125,,,0.01015625,,30.582447916666666,40.227864583333336,0.8552604166666666,198.65635416666666,0.0,0.0,217.70515625,761.4094270833333,0.9936979166666666
2023-04-15,71.4126811594203,,5.230277777777778,18.289756944444445,13.981145833333334,3.997743055555556,8.577881944444444,1.0130555555555556,4.7684375,2.4405208333333333,11.637326388888889,,,0.01,,29.44909722222222,49.3090625,0.7252083333333333,136.0179513888889,0.0,0.0,156.09652777777777,753.6901736111112,-0.2632291666666667
2023-04-16,80.0286111111111,,5.130277777777778,17.134444444444444,13.285555555555554,3.240277777777778,4.769722222222223,1.1577777777777778,2.854722222222222,4.632222222222222,19.095,,,0.01,,26.766944444444444,65.86638888888889,0.5786111111111111,174.89222222222222,0.0,0.0,40.56944444444444,750.0433333333334,0.045555555555555544
2023-04-17,,,,,,,,,,,,,,,,,,,,,0.0,,,
2023-04-18,,,,,,,,,,,,,,,,,,,,,0.0,,,
2023-04-19,47.66890625,75.9734375,5.033645833333334,14.54078125,11.82640625,2.9433333333333334,4.686458333333333,0.8342708333333333,1.2766666666666666,1.3549479166666667,12.276666666666667,,,0.0103125,,29.802135416666665,48.974375,0.83265625,175.82260416666668,0.0,0.0,201.10265625,759.2872395833333,0.29671875000000003
2023-04-20,68.32214285714285,108.88940476190476,4.958295454545454,15.063863636363635,12.04375,2.788977272727273,3.5218560606060607,0.8479545454545455,35.636041666666664,1.7213636363636362,11.642386363636364,,,0.07181818181818182,,28.25,67.09590909090909,0.6303409090909091,139.40738636363636,0.0,0.0,146.98856060606062,754.1202272727273,0.36329545454545453
2023-04-21,,,4.995,13.767083333333334,11.383958333333332,1.1316666666666668,3.3475,0.9541666666666667,12.22375,0.935,3.8077083333333333,,,0.16,,30.0325,46.88625,1.379375,47.70375,0.0,0.0,434.3154166666667,770.47375,2.3472916666666666
2023-04-22,,,4.890444444444444,13.262777777777778,11.030944444444446,0.9852222222222221,3.9345555555555554,0.8946666666666666,14.021333333333333,1.7762777777777778,9.710666666666667,,,0.16,,29.27838888888889,61.27361111111111,0.7161111111111111,152.97983333333335,0.0,0.0,163.03072222222224,761.938888888889,2.1837222222222223
2023-04-23,,,4.942743055555556,24.377569444444447,16.98517361111111,4.7977083333333335,2.7906944444444446,0.9601041666666666,12.2403125,2.905208333333333,17.10875,,,0.16,,26.929201388888888,76.62850694444445,0.8486805555555555,103.05121527777777,0.0,0.0,107.53795138888889,760.9303125,2.0975347222222225
2023-04-24,,,4.975625,18.515729166666667,13.894270833333332,6.7039583333333335,3.1001041666666667,0.93125,9.78,2.21625,13.36125,,,0.16,,27.378541666666667,72.45385416666666,0.7683333333333334,102.45958333333334,0.0,0.0,133.81187500000001,759.4285416666667,1.9335416666666667
2023-04-25,,,5.273923611111111,17.111284722222223,13.389236111111112,13.510277777777778,3.317222222222222,0.8012847222222222,11.616805555555556,0.977310606060606,8.41344696969697,,,0.16397727272727272,,27.68857638888889,73.29010416666667,0.811423611111111,118.56378472222222,0.0,0.0,124.07166666666667,756.3725347222222,0.7476041666666666
2023-04-26,,,4.931702898550725,19.15478260869565,14.198007246376813,12.814963768115943,4.95981884057971,0.8475,13.905869565217392,1.069019607843137,7.282058823529412,,,0.16,,27.875688405797103,64.04076086956522,0.6797101449275362,127.70829710144928,0.0,0.0,122.21731884057972,750.0745289855072,-0.8584057971014493
2023-04-27,,,5.842743055555555,18.728020833333336,14.711805555555555,7.886736111111111,2.995034722222222,0.9908333333333333,13.230520833333335,2.4720833333333334,15.890069444444444,,,0.16,,27.916527777777777,69.030625,0.5729166666666666,113.6204513888889,0.0,0.0,134.2984375,749.7821875,-0.48225694444444445
2023-04-28,,,6.2619444444444445,18.068571428571428,14.702261904761905,6.638968253968254,3.37515873015873,1.0462301587301588,20.205000000000002,4.175,18.46690476190476,,,0.16,,28.41531746031746,64.87884920634922,0.5923809523809523,121.34563492063492,0.0,0.0,145.03448412698413,750.6521825396825,-0.3788888888888889
2023-04-29,,,5.877239583333333,20.331875,15.593645833333333,5.94453125,3.089635416666667,0.83234375,28.16,2.91890625,11.666406250000001,,,0.16,,26.753802083333333,68.37270833333334,0.8272395833333334,93.5053125,0.0,0.0,160.08244791666667,753.9222916666666,-0.05635416666666665
2023-04-30,,,7.357187499999999,20.195104166666667,16.72236111111111,6.8928819444444445,3.926597222222222,1.0608680555555556,28.14,3.7315972222222222,14.813263888888889,,,0.16,,25.481666666666666,79.53003472222223,0.583298611111111,80.07149305555556,0.0,0.0,102.20645833333333,747.5263541666667,-0.5558680555555555
2023-05-01,,,7.0077380952380945,17.5340873015873,15.025555555555554,7.500119047619047,3.872460317460318,0.9998015873015873,28.140000000000004,4.605833333333333,19.064444444444444,,,0.22571428571428573,,24.649603174603175,85.28424603174604,1.1459920634920635,47.17654761904762,0.0,0.0,101.85067460317461,752.9778571428571,-0.5826984126984127
2023-05-02,,,5.546157407407407,17.31226851851852,13.717731481481481,5.50337962962963,4.256666666666667,0.9160648148148147,26.701805555555556,3.5485185185185184,15.544212962962964,,,0.16,,24.513055555555557,87.09833333333333,0.9998148148148148,73.51819444444445,0.055,0.028749999999999998,109.15606481481481,756.3194444444445,-0.1997222222222222
2023-05-03,,,5.506018518518519,14.281157407407408,12.073194444444445,4.326342592592592,4.784305555555556,0.7034722222222222,20.54486111111111,1.960277777777778,16.402314814814815,,,0.16,,26.38888888888889,82.30833333333334,0.7732407407407407,90.8575925925926,0.0,0.0,192.4125925925926,749.7577777777777,-0.5470370370370371
2023-05-04,,,5.141376811594203,14.750615942028984,12.026014492753625,3.897463768115942,3.4653985507246374,0.7476811594202898,26.741739130434784,2.6619927536231884,16.381811594202897,,,0.16,,26.570144927536234,81.21836956521739,0.8651811594202898,91.04402173913043,0.0,0.0,116.71634057971015,750.7008333333333,-0.21894927536231884
2023-05-05,,,5.133229166666667,15.495555555555555,12.4159375,3.849965277777778,2.094513888888889,0.8295833333333333,31.14,3.300972222222222,20.03607638888889,,,0.16,,26.168958333333332,83.40208333333334,0.5473263888888888,109.60895833333332,0.000277777777777775,0.00020833333333333335,103.68975694444445,744.0289236111112,-1.091736111111111
2023-05-06,,,5.620625,15.302083333333334,12.70875,3.4304166666666664,2.8325,0.8146874999999999,35.1271875,3.583229166666667,20.281875,,,0.16,,26.717187499999998,75.86510416666667,0.5657291666666667,91.80916666666667,0.0,0.0,97.87291666666665,744.855,-0.9895833333333334
2023-05-07,,,5.368958333333333,15.95125,12.850312500000001,3.6040625,6.168229166666666,0.9959375,19.0,4.785520833333334,21.166979166666668,,,0.16,,27.944479166666667,72.37052083333333,0.47868055555555555,110.82760416666667,0.0,0.0,123.22135416666667,743.0523958333333,-1.2170833333333333
2023-05-08,26.59232142857143,47.55690476190476,5.044583333333334,15.044444444444444,12.103958333333333,5.1046875,4.115104166666667,0.7969444444444446,15.452007575757575,3.7202083333333333,14.144027777777778,,,0.8588888888888889,,28.89378472222222,69.7778125,0.6292708333333333,165.27315972222223,0.0,0.0,161.87149305555556,744.8397569444445,-1.5877430555555554
2023-05-09,16.696944444444444,32.272013888888885,4.987152777777777,14.6384375,11.840798611111111,3.9784027777777777,3.167222222222222,0.7269444444444444,3.261527777777778,1.2723958333333334,2.6881944444444446,,,1.1476041666666668,,29.152708333333333,67.32913194444444,0.5486805555555555,172.70944444444444,0.0,0.0,170.59590277777778,741.7690625,-2.8169791666666666
2023-05-10,21.64305555555556,44.151388888888896,4.933055555555556,14.926666666666668,11.949722222222222,3.796111111111111,1.4230555555555557,0.7497222222222222,1.5822222222222224,0.9827777777777778,2.560833333333333,,,0.9608333333333333,,27.020833333333332,80.53444444444445,0.47972222222222216,197.92249999999999,0.0,0.0,0.9247222222222221,738.6805555555557,-3.065
2023-05-11,17.527575757575757,34.26469696969697,5.055681818181818,15.711742424242425,12.466666666666667,5.115681818181819,2.3595454545454544,0.8234848484848485,15.065681818181817,1.1587878787878787,1.7693181818181818,,,1.0703787878787878,,29.72560606060606,61.505227272727275,0.7131060606060605,113.95015151515153,0.0,0.0,219.44446969696972,746.2635606060605,-1.6743939393939393
2023-05-12,17.297361111111112,33.71347222222222,5.104444444444444,15.819583333333334,12.564583333333333,4.228888888888889,1.4298148148148149,0.8384722222222223,15.263194444444444,0.8738888888888889,1.8130555555555554,,,0.8662500000000001,,29.352638888888887,65.95819444444444,0.37930555555555556,156.93347222222224,0.0,0.0,171.42166666666668,742.2680555555556,-1.7652777777777777
2023-05-13,,,,,,,,,,,,,,,,,,,,,0.0,,,
2023-05-14,12.543,22.302,5.0555,16.3555,12.808833333333334,3.5513333333333335,4.841166666666666,0.8166666666666668,17.27583333333333,1.7365000000000002,3.8625,,,1.6221666666666663,,32.31933333333333,42.61866666666667,0.27983333333333327,222.0031666666667,0.0,0.0,472.98816666666664,749.4376666666667,-0.6871666666666667
2023-05-15,12.38375,21.920833333333334,5.2061111111111105,16.636666666666667,13.081249999999999,10.501944444444446,14.53736111111111,0.6770833333333334,30.138749999999998,0.7665277777777778,0.7140277777777776,,,0.7380555555555556,,36.3025,21.125,1.2284722222222222,11.66847222222222,0.0,0.0,378.37833333333333,752.8118055555556,-1.7326388888888886
2023-05-16,14.68371212121212,27.987045454545456,6.9786363636363635,26.674242424242426,20.267666666666667,8.522045454545456,19.766333333333332,1.0659166666666668,17.231,1.05,1.5130833333333333,,,1.7089166666666666,,32.68924242424242,31.200227272727272,0.6718181818181818,133.98689393939392,0.0,0.0,278.476,744.6839393939395,-1.4874242424242425
2023-05-17,17.65720238095238,35.77946428571429,5.368154761904762,19.906607142857144,14.953630952380951,8.214821428571428,5.175,1.1705952380952382,13.88922619047619,1.3916666666666668,2.284047619047619,,,1.6436309523809525,,29.48720238095238,56.71321428571429,1.088095238095238,69.39964285714287,0.0,0.0,232.47565476190474,750.390238095238,-0.992797619047619
2023-05-18,111.71640625,52.434999999999995,5.065104166666667,13.668802083333333,11.38859375,3.2128125,9.640520833333333,0.6790625,14.53328125,1.90921875,3.9644270833333333,,,1.6907291666666666,,30.680572916666666,64.340625,0.7652083333333334,140.71526041666667,0.0,0.0,275.47828125,751.5155729166667,-0.30713541666666666
2023-05-19,34.96288194444444,53.253680555555555,5.032152777777777,13.273229166666667,11.151354166666666,1.8732291666666667,3.6401041666666667,0.6701041666666666,15.5,1.3501041666666669,3.4517361111111113,,,1.0887499999999999,,29.4278125,70.92861111111111,0.8221875000000001,146.22770833333334,0.0,0.0,180.9075347222222,752.0290625000001,0.06489583333333333
2023-05-20,50.850590277777776,71.53163194444444,5.116388888888889,13.468715277777777,11.324131944444444,4.898750000000001,3.813298611111111,0.8139583333333333,17.500173611111112,2.468611111111111,4.406458333333333,,,2.1122569444444443,,29.16236111111111,63.83697916666667,0.8861458333333333,142.62555555555556,0.0,0.0,185.48715277777777,754.5139583333333,0.2160416666666667
2023-05-21,17.78625,36.08652777777778,4.930833333333333,14.759756944444446,11.859270833333333,3.872291666666667,4.184895833333333,0.8294444444444444,17.83690972222222,2.003645833333333,3.717465277777778,,,1.9422916666666667,,28.812083333333334,61.35038194444445,0.6455555555555555,148.44052083333332,0.0,0.0,232.81958333333333,749.9667361111111,-0.17718749999999997
2023-05-22,91.99093750000002,166.76125,4.950520833333333,13.822083333333333,11.376249999999999,5.5359375,2.215520833333333,0.8315625,16.541979166666668,2.2092708333333335,3.44125,,,2.250208333333333,,29.368750000000002,69.48010416666666,0.6861458333333333,159.31895833333334,0.0,0.0,210.661875,750.5952083333333,-0.15041666666666667
2023-05-23,17.51875,35.44642361111111,4.916597222222222,14.344131944444444,11.6265625,3.6431597222222223,5.143368055555555,0.7677083333333333,18.059097222222224,1.6522569444444446,3.7708680555555554,,,1.6952430555555555,,29.220763888888886,57.80309027777778,0.7068402777777778,161.23121527777778,0.0,0.0,208.48086805555556,751.5385069444445,-0.07944444444444441
2023-05-24,69.0859375,67.85394927536233,5.0763541666666665,14.644791666666668,11.917152777777778,7.0475,2.6922569444444444,0.7884722222222221,18.637916666666666,0.6554513888888889,1.756701388888889,,,0.5671527777777777,,29.97684027777778,67.61677083333333,0.7873263888888888,192.3504513888889,0.0,0.0,217.5609375,749.7443055555556,-1.0172222222222222
2023-05-25,16.31769607843137,32.566372549019604,5.053333333333334,16.904460784313727,13.100147058823529,5.538921568627451,4.241911764705883,0.8861764705882352,20.905,0.23,0.0,,,0.16,,31.17274509803921,47.88058823529412,0.595392156862745,197.72264705882353,0.0,0.0,309.39382352941175,746.5610294117647,-1.8122549019607843
2023-05-26,16.090681818181817,32.017840909090914,5.075869565217391,16.504891304347826,12.905289855072464,5.152536231884057,6.508079710144927,1.0255797101449275,16.138985507246378,,,,,,,29.282644927536236,63.94717391304348,0.7172463768115942,135.13072463768117,0.0,0.0,138.36565217391305,745.0184057971014,-1.8155797101449276
2023-05-27,16.70753787878788,33.49727272727273,5.170757575757576,18.80878787878788,14.208371212121211,6.484734848484848,5.882196969696969,0.8001136363636363,19.49943181818182,,,,,,,30.598863636363635,55.32772727272727,0.5895454545454546,170.78583333333333,0.0,0.0,256.0829166666667,742.894659090909,-2.466287878787879
2023-05-28,73.06977777777777,38.063809523809525,4.4155,15.168277777777778,11.658944444444444,6.1322777777777775,6.258333333333334,0.7092777777777778,25.138444444444442,,,,,,,31.59627777777778,43.71111111111111,0.8319444444444445,119.38422222222222,0.0,0.0,349.3112777777778,759.7292777777778,1.133388888888889
2023-05-29,93.94924999999999,51.810833333333335,4.89125,15.961416666666668,12.465833333333332,2.0454166666666667,1.8267499999999999,0.7455,16.367416666666667,,,,,,,26.39275,66.056,0.8535833333333332,56.05666666666666,0.0,0.0,53.08299999999999,768.1481666666666,4.69525
2023-05-30,19.660833333333333,40.58505208333333,5.282135416666667,17.199322916666667,13.444322916666668,3.2891666666666666,3.1666666666666665,0.8365625,15.217552083333333,,,,,,,26.799791666666668,73.92416666666666,0.6353125000000001,161.21541666666667,0.0171875,0.011458333333333334,97.02494791666666,745.50046875,-1.4652604166666667
2023-05-31,19.865624999999998,41.08041666666667,5.150972222222222,17.313020833333333,13.396805555555554,3.568715277777778,7.320416666666667,0.987361111111111,17.15076388888889,,,,,,,29.09753472222222,59.328541666666666,0.5448958333333334,202.11003472222225,0.0,0.0,237.22072916666664,745.7055555555556,-1.515138888888889
2023-06-01,22.838854166666668,48.21239583333334,5.078854166666667,18.942916666666665,14.204583333333332,4.883541666666667,8.0965625,1.1409375,18.60322916666667,,,,,,,30.371875000000003,57.80375,0.8132291666666666,182.37677083333332,0.0,0.0,227.18822916666667,750.9255208333334,-1.030625
2023-06-02,63.903645833333336,58.92416666666667,5.227048611111111,19.767777777777777,14.764166666666666,5.471875,9.693125,1.0638194444444444,19.029999999999998,0.23,0.0,,,0.16,,31.107708333333335,54.0546875,0.4684027777777778,172.06611111111113,0.0,0.0,218.66055555555556,743.8937500000001,-1.7845454545454544
2023-06-03,35.94708333333333,79.67416666666666,5.08,14.360277777777776,11.769166666666665,3.474305555555555,3.2469444444444444,1.2072222222222222,13.196388888888889,,,,,,,27.995555555555555,78.91513888888889,0.8156944444444445,195.48097222222222,0.0,0.0,0.8450000000000001,748.9370833333334,
2023-06-04,18.494635416666668,37.78697916666667,4.9666145833333335,16.3584375,12.73828125,6.147760416666666,5.696666666666667,0.8565625,16.37515625,,,,,,,33.11385416666667,38.18630208333333,0.7992708333333334,172.50604166666668,0.0,0.0,323.2548958333333,754.2293229166667,
2023-06-05,19.130972222222223,39.314375,5.271388888888889,19.91809027777778,14.880555555555555,6.868993055555555,8.286875,0.9910416666666667,14.202673611111111,,,,,,,30.51625,43.63670138888889,0.5623611111111111,170.3726736111111,0.0,0.0,241.85659722222223,747.6668402777777,
2023-06-06,20.990677083333335,43.7784375,5.234739583333333,17.2353125,13.423645833333333,6.661666666666667,10.413125,1.0779166666666666,15.5884375,0.24833333333333332,15.623333333333333,,,0.215,,31.38765625,48.366145833333334,0.7570312499999999,154.36911458333333,0.0,0.0,333.40661458333335,750.3838020833333,
2023-06-07,,,5.027107843137255,16.951617647058825,13.103186274509804,4.630343137254902,7.585735294117646,0.8329901960784314,19.626372549019607,0.2663235294117647,0.8824019607843137,,,0.9034803921568627,,32.768088235294115,41.21666666666667,0.7380882352941176,213.03519607843137,0.0,0.0,312.2462745098039,757.8200980392157,
2023-06-08,32.796602564102564,79.14916666666667,5.206284722222223,19.26388888888889,14.479999999999999,6.368263888888889,7.873298611111111,0.8566666666666666,32.55114583333333,0.18659722222222222,0.5204166666666666,,,0.5833680555555555,,31.32857638888889,41.823541666666664,0.5948611111111112,141.46434027777778,0.0,0.0,194.40010416666667,751.6815624999999,0.2105
2023-06-09,28.047375,66.77816666666666,5.2455,19.019624999999998,14.381125,5.036875,10.013375,1.0057500000000001,47.86275,0.374,0.44087499999999996,,,0.47400000000000003,,31.479625,41.833125,0.591625,166.202875,0.0,0.0,204.54308333333333,757.1635,0.17
2023-06-10,18.46125,43.95427083333333,5.274791666666666,17.720520833333335,13.714687500000002,5.050416666666666,6.843854166666667,0.8707291666666667,46.19895833333334,0.2965625,0.39989583333333334,,,0.3954166666666667,,31.225520833333334,45.14895833333333,0.5022916666666667,200.04072916666667,0.0,0.0,151.07677083333334,755.2117708333334,0.17
2023-06-11,9.214270833333334,21.939270833333335,5.260729166666667,17.18003472222222,13.41423611111111,5.080451388888889,3.991979166666667,0.8036458333333334,45.56506944444445,0.46524305555555556,0.6871875,,,0.6230208333333334,,31.02784722222222,45.46611111111111,0.5050347222222222,208.96472222222224,0.0,0.0,240.54635416666667,755.3205902777778,0.17
2023-06-12,10.107427536231883,24.06673913043478,5.337951388888889,17.236215277777777,13.507291666666667,4.892951388888889,4.2529513888888895,0.7234375000000001,45.04750000000001,0.22159722222222222,0.46291666666666664,,,0.3019444444444444,,31.56638888888889,43.08506944444445,0.5469791666666667,212.9151388888889,0.0,0.0,246.77506944444443,755.3501041666667,0.17
2023-06-13,20.928229166666664,46.75326388888889,5.2246875,16.56083333333333,13.057673611111111,5.098715277777778,5.283368055555555,0.7641319444444444,47.18697916666667,0.2742708333333333,0.6135069444444444,,,0.3317708333333333,,31.641284722222224,43.455659722222215,0.7480555555555556,210.63576388888887,0.0,0.0,255.4576388888889,757.2597916666667,0.17
2023-06-14,26.555,58.941271929824566,5.237894736842105,16.58780701754386,13.081228070175438,4.860394736842105,4.692368421052632,0.8018859649122807,47.33127192982456,0.2908771929824561,0.537719298245614,,,0.3635964912280702,,31.664649122807017,42.75416666666666,0.6396491228070176,216.71828947368422,0.0,0.0,119.98956140350877,756.0566666666667,0.17
2023-06-15,28.53260416666667,63.64906250000001,5.225486111111111,18.851458333333333,14.123993055555557,4.595104166666666,5.559756944444445,0.8296180555555556,47.4684375,0.3265277777777778,0.41006944444444443,,,0.4895833333333333,,32.130381944444444,38.3803125,0.47003472222222226,203.07871527777777,0.0,0.0,263.0204861111111,753.0196180555555,0.17
2023-06-16,27.284027777777776,60.676874999999995,5.369375000000001,18.505034722222224,14.207604166666668,5.336388888888888,6.637048611111111,0.8635763888888889,45.01135416666667,0.25652777777777774,0.359375,,,0.4140625,,32.16368055555556,37.25586805555556,0.47475694444444444,216.70871527777777,0.0,0.0,242.91055555555556,751.6437500000001,0.17
2023-06-17,30.640942028985506,68.67047101449275,5.278478260869565,17.857934782608698,13.790108695652174,6.424384057971014,8.824202898550725,0.8348913043478261,45.94329710144927,0.2768478260869565,0.36876811594202896,,,0.4443115942028985,,32.077572463768114,38.37057971014492,0.6453985507246377,166.46369565217393,0.0,0.0,185.56047101449275,751.2395652173913,0.16971014492753625
2023-06-18,33.750625,76.07329861111111,5.241944444444445,18.011770833333333,13.841909722222221,6.107291666666666,5.768055555555556,0.8475694444444445,45.63381944444444,0.16944444444444443,0.26434027777777774,,,0.28086805555555555,,31.471388888888885,46.49447916666667,0.6223263888888889,143.50236111111113,0.0,0.0,204.5338888888889,750.2193402777779,0.17
2023-06-19,31.50954861111111,70.73725694444444,5.209340277777778,16.901215277777776,13.225381944444443,6.485034722222223,10.193923611111112,0.8959027777777777,46.366388888888885,0.24680555555555553,0.3322569444444444,,,0.42854166666666665,,31.101041666666664,46.03111111111111,0.6655208333333333,154.91524305555555,0.0,0.0,156.37548611111112,750.6664930555556,0.17
2023-06-20,30.978771929824564,69.47364035087719,5.066622807017544,15.489605263157895,12.358640350877193,5.3067982456140355,1.119122807017544,0.8535087719298247,45.271491228070175,0.3133771929824561,0.4665350877192982,,,0.5065350877192983,,28.738289473684212,66.79083333333334,0.907061403508772,126.07947368421054,0.029605263157894735,0.0234375,195.40600877192983,753.0058771929824,0.17013157894736844
2023-06-21,,,,,,,,,,,,,,,,,,,,,0.0,,,
2023-06-22,20.41078125,44.31046875,5.186458333333333,16.667395833333334,13.0821875,5.039635416666667,3.0025,0.7477083333333333,43.098072916666666,0.40739583333333335,0.5828888888888889,,,0.5809895833333333,,28.17109375,67.235625,0.5745833333333333,212.82276041666665,0.0,0.0,207.18322916666668,751.7872916666666,0.17
2023-06-23,19.677881944444447,42.56621527777778,5.5346875,18.03517361111111,14.09295138888889,4.763472222222222,1.56375,0.9146180555555556,42.48319444444444,0.34670138888888885,0.5947916666666667,,,0.49076388888888894,,26.269791666666666,79.08916666666666,0.743263888888889,124.25805555555554,0.07041666666666667,0.0703125,70.0409375,750.2223611111111,0.17
2023-06-24,15.203472222222222,31.915347222222223,5.200347222222223,16.413229166666667,12.958229166666667,3.9748611111111107,2.3165277777777775,0.8477777777777779,41.92614583333333,0.34684027777777776,0.5964492753623188,,,0.5101736111111111,,26.107361111111114,80.61604166666666,0.5087847222222223,203.35597222222222,0.14375,0.09145833333333331,69.00024305555556,744.7931597222223,0.17
2023-06-25,11.362708333333332,22.768125,5.145173611111111,14.671944444444444,11.986527777777779,3.912256944444444,3.3003125,0.7017361111111112,42.246180555555554,0.4477083333333334,0.9213888888888889,,,0.6246180555555555,,26.60423611111111,81.13194444444444,0.7665625,206.36260416666667,0.02,0.01916666666666667,117.6034375,750.0588541666666,0.17
2023-06-26,14.540952380952382,30.33666666666667,5.2931349206349205,15.207103174603176,12.393333333333333,3.4346825396825396,2.3485714285714288,0.705515873015873,42.48797619047619,0.34444444444444444,0.7925396825396825,,,0.49392857142857144,,27.851230158730157,68.79075396825397,0.5967063492063492,195.3257142857143,0.02,0.013541666666666667,183.9986111111111,750.4460714285715,0.17
2023-06-27,18.997386363636362,40.945795454545454,5.288598484848484,16.42761363636364,13.03810606060606,3.5824242424242425,3.5978409090909094,0.793409090909091,42.79034090909091,0.35571969696969696,0.6310227272727272,,,0.5725757575757576,,29.092272727272725,57.40776515151515,0.46231060606060603,204.99390151515152,0.02,0.013541666666666667,225.24011363636365,748.6926893939394,0.17
2023-06-28,20.45715277777778,44.4209375,5.393020833333334,15.780486111111111,12.778680555555555,5.116041666666667,4.538749999999999,0.8372569444444444,42.81368055555556,0.37354166666666666,0.5934375,,,0.6178472222222222,,29.35864583333333,59.4665625,0.630625,164.46368055555556,0.006875,0.006875,220.9040625,751.3235763888889,0.17
2023-06-29,13.445,27.726041666666664,5.268645833333333,14.846458333333333,12.181145833333334,4.6490625,4.160729166666667,0.8176041666666666,42.69541666666667,0.3828125,0.6689583333333333,,,0.6470833333333333,,29.25510416666667,60.82802083333333,0.5708333333333333,193.44729166666664,0.0,0.0,257.8776041666667,751.525,0.17
2023-06-30,14.18548611111111,29.4903125,5.2565625,15.136805555555554,12.324930555555556,3.971076388888889,3.2499074074074077,0.7258680555555556,42.75083333333333,0.38680555555555557,0.7150694444444444,,,0.665625,,29.653229166666666,55.77736111111111,0.6281597222222223,200.02374999999998,0.0,0.0,244.0510416666667,752.6452430555555,0.17
2023-07-01,16.898229166666667,35.94864583333334,5.222708333333333,16.585,13.067604166666667,3.9581250000000003,,0.7314583333333333,43.1259375,0.24156249999999999,0.5812499999999999,,,0.4114583333333333,,30.476041666666664,51.03729166666667,0.5655208333333334,199.26614583333333,0.0,0.0,229.08145833333333,751.3014583333334,0.17
2023-07-02,17.2965,36.8925,5.2015625000000005,17.5778125,13.5796875,4.765,,0.8009999999999999,41.128,0.22349999999999998,0.579,,,0.42916666666666664,,28.4135,62.331583333333334,0.40791666666666665,152.37666666666667,0.0,0.0,94.20708333333334,738.5123333333333,0.16525
2023-07-03,18.58190476190476,39.95642857142857,,,,,,,45.82541666666667,0.19416666666666665,0.45125,,,0.309375,,28.89276041666667,66.09317708333333,0.6506770833333333,179.78942708333332,0.0,0.0,275.4085416666667,752.3457291666666,0.169375
2023-07-04,9.683993055555556,18.77079861111111,,,,,,,42.47972222222222,0.38753472222222224,1.0008695652173913,,,0.26305555555555554,,25.980798611111112,84.79913194444444,0.9629861111111112,199.47927083333332,0.029791666666666664,0.028541666666666663,99.86093749999999,755.6095486111111,0.17
2023-07-05,11.553541666666668,23.221041666666665,,,,,,,42.90430555555556,0.23458333333333334,0.6009027777777778,,,0.21652777777777776,,26.527291666666667,80.75840277777777,0.5096180555555555,160.70225694444443,0.0,0.0,108.11500000000001,747.307638888889,0.16989583333333336
2023-07-06,10.593020833333334,20.935555555555556,,,,,,,42.145208333333336,0.24854166666666666,0.6727083333333334,,,0.23701388888888889,,25.91013888888889,84.26184027777778,0.5357291666666667,191.8461111111111,0.0,0.0,98.79517361111111,746.9794791666667,0.17
2023-07-07,13.238854166666668,27.236319444444444,,,,,,,44.37836805555555,0.2529861111111111,0.6950347222222222,,,0.23510416666666667,,27.393958333333334,69.06100694444444,0.7210069444444445,213.66878472222223,0.0,0.0,153.80263888888888,750.8253819444444,0.17
2023-07-08,13.423944444444443,27.67983333333333,,,,,,,42.527833333333334,0.29711111111111116,0.8795555555555555,,,0.18244444444444444,,27.28461111111111,70.97827777777778,0.7382222222222222,215.82566666666668,0.0,0.0,235.30922222222222,753.5854999999999,0.17
2023-07-09,,,,,,,,,,,,,,,,,,,,,0.0,,,
2023-07-10,,,,,,,,,,,,,,,,,,,,,0.0,,,
2023-07-11,20.59583333333333,44.75,2.7358333333333333,15.726666666666667,10.585833333333333,8.597499999999998,,,62.70416666666667,0.04083333333333333,0.14416666666666667,,,0.08999999999999997,,29.000833333333333,60.1275,1.9608333333333334,16.8,0.0,0.0,418.55916666666667,766.5233333333334,0.17
2023-07-12,21.242083333333333,46.28888888888889,2.4804166666666667,16.382638888888888,10.732222222222221,7.13986111111111,,,42.29222222222222,0.3522222222222222,0.8093055555555555,,,0.3759722222222222,,26.470138888888886,73.79986111111111,0.5444444444444444,176.25361111111113,0.0,0.0,176.84944444444446,749.7969444444444,0.17
2023-07-13,15.492,32.6015,2.766,16.057,10.791,6.967499999999999,,,42.082499999999996,0.23349999999999999,0.6359999999999999,,,0.293,,26.2985,85.01700000000001,0.172,224.775,0.0,0.0,128.815,740.0440000000001,0.17
2023-07-14,,,,,,,,,,,,,,,,,,,,,0.0,,,
2023-07-15,23.304285714285715,51.20142857142857,3.1557142857142857,20.986428571428572,13.727500000000001,5.766785714285715,,,42.433928571428574,0.0,0.0,,,,,28.9175,59.14857142857143,0.3467857142857143,169.2392857142857,0.0,0.0,85.61214285714286,742.0364285714286,0.17
2023-07-16,,,,,,,,,,,,,,,,,,,,,0.0,,,
2023-07-17,,,,,,,,,,,,,,,,,,,,,0.0,,,
2023-07-18,13.183083333333334,27.103333333333335,2.627666666666667,16.455000000000002,10.889833333333332,6.9519166666666665,,,41.8525,0.39366666666666666,1.04375,,,0.41941666666666666,,26.579250000000002,72.32575,0.5620833333333334,209.54208333333332,0.0,0.0,79.7,743.3444999999999,0.16775
2023-07-19,12.34734375,25.112916666666667,3.2084375,15.949479166666666,11.092239583333333,7.113385416666667,,,41.56609375,0.365,4.640729166666667,,,0.21479166666666666,,25.464479166666667,80.39041666666667,0.8949479166666667,220.83369791666667,0.0,0.0,28.279635416666665,747.50953125,0.16890625
2023-07-20,12.511284722222221,25.503472222222225,3.317673611111111,15.830243055555556,11.118125,7.17517361111111,,,42.296875,0.3865625,12.750243055555556,,,0.224375,,25.24315972222222,80.23381944444445,0.6778125,212.24965277777778,0.0,0.0,59.220555555555556,744.410625,0.16618055555555555
2023-07-21,,,,,,,,,,,,,,,,,,,,,0.0,,,
2023-07-22,13.486666666666666,27.826805555555556,3.100972222222222,16.295416666666668,11.189722222222223,6.081388888888888,,,42.43486111111111,0.27291666666666664,0.86875,,,0.1920833333333333,,27.660416666666666,67.85666666666667,0.46194444444444444,213.3463888888889,0.0,0.0,247.0451388888889,746.6156944444443,0.17
2023-07-23,,,,,,,,,,,,,,,,,,,,,0.0,,,
2023-07-24,,,,,,,,,,,,,,,,,,,,,0.0,,,
2023-07-25,,,,,,,,,,,,,,,,,,,,,0.0,,,
2023-07-26,8.008854166666666,14.7815625,2.373854166666667,15.7690625,10.316666666666666,6.735729166666666,,,42.15270833333334,0.30874999999999997,5.701666666666665,,,0.14958333333333332,,24.463645833333334,94.51541666666667,0.6473958333333334,200.39427083333334,0.0,0.0,80.39927083333333,746.0396875,0.16593750000000002
2023-07-27,,,,,,,,,,,,,,,,,,,,,0.0,,,
2023-07-28,12.970128205128203,26.597051282051282,2.9566666666666666,15.525,10.661666666666669,6.385,,,42.09743589743589,0.07128205128205128,8.766153846153845,,,0.20999999999999996,,27.058012820512822,67.4597435897436,0.4108974358974359,206.2723076923077,0.0,0.0,99.11378205128206,744.3673076923077,0.16865384615384618
2023-07-29,13.776701388888888,28.515625,,,,,,,42.665625,0.0,0.0,,,,,27.539270833333333,68.78010416666667,0.3813194444444444,154.7267361111111,0.0,0.0,143.04965277777777,748.6517708333332,0.17
2023-07-30,17.68875,37.83052083333333,,,,,,,43.14729166666667,0.0,0.0,,,,,27.78260416666667,66.07104166666666,0.3413541666666667,142.7240625,0.0,0.0,114.48239583333333,747.1180208333334,0.17
2023-07-31,17.355416666666667,37.03822916666667,,,,,,,42.83145833333333,0.0,0.0,,,,,27.920833333333334,65.83354166666666,0.32677083333333334,164.08604166666666,0.0,0.0,116.39104166666668,747.0030208333334,0.17
2023-08-01,12.551111111111112,25.5978125,,,,,,,42.77173611111112,0.0,0.0,,,,,27.79652777777778,65.94253472222222,0.4030902777777778,175.8970486111111,0.0,0.0,116.5251736111111,748.8899652777777,0.17
2023-08-02,14.716111111111111,30.75388888888889,1.9817857142857143,15.504880952380953,9.857738095238094,6.993630952380952,,,42.4709375,0.14336805555555557,0.4311805555555555,,,0.3438461538461538,,28.521041666666665,58.38527777777778,0.5710416666666667,212.95208333333335,0.0,0.0,131.29906250000002,750.72125,0.17
2023-08-03,17.274285714285714,36.84404761904762,2.948571428571429,15.85063492063492,10.827460317460318,6.194166666666668,,,43.08011904761905,0.31583333333333335,0.9589682539682539,,,0.29313492063492064,,28.85515873015873,55.43488095238095,0.579047619047619,212.85880952380953,0.0,0.0,166.07638888888889,751.2900793650794,0.17
2023-08-04,16.866770833333334,35.875729166666666,3.724375,15.821041666666666,11.443125,6.2696875,,,42.92427083333334,0.3641666666666667,0.8023611111111112,,,0.5444791666666666,,28.759583333333335,58.02020833333333,0.7039583333333334,164.03697916666667,0.0,0.0,139.58520833333333,752.1472916666667,0.17
2023-08-05,17.89527777777778,38.32083333333333,3.7887500000000003,15.798020833333332,11.483993055555556,6.298125,,,42.64173611111111,0.44326388888888885,0.8028819444444445,,,0.7554513888888889,,28.29309027777778,64.55236111111111,0.7563888888888889,152.82975694444443,0.0,0.0,152.60135416666665,751.7436805555557,0.17
2023-08-06,20.984270833333333,45.67635416666667,3.3713541666666664,16.463958333333334,11.498229166666667,6.001874999999999,,,42.4065625,0.30395833333333333,0.70375,,,0.5725,,28.811666666666667,61.85666666666666,0.6332291666666666,142.4978125,0.0,0.0,145.88,749.7890625,0.17
2023-08-07,20.573854166666667,44.7009375,3.226354166666667,16.441458333333333,11.368437499999999,5.964791666666667,,,42.41427083333333,0.35541666666666666,0.7126811594202899,,,0.7178125,,29.279375,52.5428125,0.48291666666666666,170.09135416666666,0.0,0.0,146.13833333333332,748.8404166666666,0.17
2023-08-08,26.201354166666665,58.09916666666667,3.953958333333333,18.089895833333333,12.8365625,5.603854166666667,,,42.06395833333333,0.2577083333333333,0.5846875,,,0.5607291666666666,,29.068749999999998,52.52375,0.5942708333333333,113.82614583333333,0.0,0.0,150.02864583333334,748.9308333333333,0.17
2023-08-09,26.297236842105264,58.328201754385965,3.4762719298245615,16.9975,11.867543859649123,5.73811403508772,,,41.75258771929825,0.19951754385964912,0.5117543859649123,,,0.3994736842105263,,28.257850877192983,62.87442982456141,0.6385526315789474,139.81780701754386,0.0,0.0,54.03728070175439,748.4044298245614,0.17
2023-08-10,25.778157894736843,57.08894736842105,3.580131578947368,16.151315789473685,11.502368421052632,5.933552631578947,6.25764705882353,0.7576470588235295,42.46092105263158,0.45763157894736844,0.6556944444444445,,,0.7957894736842106,,28.543552631578947,63.08921052631579,1.0689473684210526,134.69144736842105,0.0,0.0,173.74013157894737,755.7034210526316,0.17078947368421052
2023-08-11,22.788020833333334,49.96965277777778,3.7734027777777777,16.888993055555556,12.050381944444444,5.804895833333333,6.0502777777777785,0.8123263888888889,42.351736111111116,0.3805902777777778,4.756920289855072,,,0.7623263888888889,,27.814965277777777,69.1609375,0.6736458333333334,173.83493055555553,0.0,0.0,128.56399305555556,748.9273263888889,0.17
2023-08-12,16.21375,34.3196875,3.4926041666666667,16.654479166666665,11.698125,5.6492708333333335,2.79125,0.8366666666666666,41.826458333333335,0.5209374999999999,16.319927536231884,,,0.9076041666666667,,26.582083333333333,76.14916666666666,0.8602083333333334,186.9338541666667,0.0,0.0,90.54843749999999,750.9447916666667,0.1701041666666667
2023-08-13,27.01427083333333,60.032916666666665,3.2990625,17.32375,11.896770833333333,5.627187500000001,9.794791666666667,0.8730208333333334,42.31854166666667,0.2998958333333333,0.7429166666666668,,,0.5730208333333333,,27.957291666666666,68.575625,0.49322916666666666,127.66239583333333,0.0,0.0,133.24291666666667,746.5072916666667,0.17
2023-08-14,23.875,52.5584375,4.5129166666666665,16.749479166666667,12.5775,6.0009375,3.8010416666666664,0.8265625,41.895833333333336,0.31135416666666665,3.755486111111111,,,0.7082291666666666,,27.935625,68.87479166666667,0.7388541666666666,106.25958333333334,0.0,0.0,126.50302083333334,749.1059375,0.17
2023-08-15,23.926458333333333,52.68375,3.0717708333333333,16.356354166666666,11.198437499999999,5.8175,6.744479166666667,0.8154166666666667,42.03375,0.4123958333333333,0.6975,,,0.89875,,27.82229166666667,69.15104166666667,0.6942708333333334,151.8096875,0.0,0.0,122.95739583333334,749.445,0.17
2023-08-16,20.003680555555555,43.34059027777778,5.405104166666667,17.734930555555554,13.827916666666667,5.8239930555555555,6.055868055555556,0.8398611111111111,41.98180555555556,0.3173958333333333,2.329270833333333,,,0.6711458333333334,,28.03392361111111,67.7471875,0.5527777777777777,167.12586805555557,0.0,0.0,121.51899305555555,746.7918402777777,0.17
2023-08-17,19.900000000000002,43.09604166666667,4.2621875000000005,16.650625,12.321666666666667,5.6921875,4.429166666666666,0.808125,41.613125000000004,0.4370833333333333,12.425694444444444,,,0.9097916666666667,,26.736145833333335,77.8875,0.7796875,173.78614583333334,0.0,0.0,94.096875,749.9083333333333,0.17
2023-08-18,26.12892361111111,57.92534722222222,4.407048611111111,18.113055555555555,13.217708333333334,5.487118055555555,8.195,0.8639930555555555,41.45118055555556,0.2827430555555555,0.7406597222222223,,,0.6210416666666666,,26.84402777777778,73.32069444444444,0.45236111111111105,154.72614583333333,0.0,0.0,70.82708333333333,743.867048611111,0.17
2023-08-19,34.724583333333335,78.39031250000001,4.951770833333334,19.705208333333335,14.507604166666667,5.088159722222222,14.567604166666667,0.7828125,41.586979166666666,0.3171875,0.756875,,,0.685,,26.616770833333334,68.99354166666667,0.5096875,122.419375,0.0,0.0,87.00302083333332,745.4405208333333,0.17
2023-08-20,26.643368055555555,59.15208333333334,3.496770833333333,16.865347222222223,11.814131944444446,5.300659722222222,7.867222222222222,0.7368402777777777,41.69375,0.2434375,2.3128125,,,0.43371527777777774,,27.849409722222223,66.97770833333333,0.5840972222222222,183.0377777777778,0.0,0.0,118.48128472222221,746.3952083333334,0.17
2023-08-21,22.523854166666666,49.342395833333335,3.84,15.955625,11.60875,5.509166666666666,2.8658333333333332,0.8429166666666666,42.13291666666667,0.18625,0.5830208333333333,,,0.3446875,,27.798333333333332,73.9853125,0.5013541666666667,139.49520833333335,0.0,0.0,112.17135416666667,744.7270833333333,0.17
2023-08-22,21.3,46.42625,3.5062499999999996,14.67,10.6525,5.42625,1.45875,0.715,42.09375,0.14500000000000002,0.45625,,,0.265,,26.7875,82.8175,0.1525,110.80125,0.0,0.0,1.0525,742.74625,0.17
2023-08-23,20.30703125,44.06453125,3.94,15.83328125,11.625520833333333,5.100989583333333,4.20515625,0.7247395833333333,45.11328125,0.2555208333333333,0.6505208333333333,,,0.5994270833333333,,27.79828125,76.01380208333333,0.8530208333333333,135.75838541666667,0.0,0.0,175.19635416666665,754.5476041666667,0.17015625
2023-08-24,18.342986111111113,39.38840277777778,4.007743055555555,16.062326388888888,11.8021875,5.0834375,2.641423611111111,0.8755555555555555,42.13284722222222,0.29277777777777775,2.2277430555555555,,,0.6075,,26.77927083333333,84.56996527777778,0.40600694444444446,146.44201388888888,0.0,0.0,127.18427083333334,745.2580555555555,0.16885416666666667
2023-08-25,16.929642857142856,36.0227380952381,4.30797619047619,15.325357142857142,11.654880952380953,5.5597619047619045,1.5229761904761905,0.8641666666666667,42.953809523809525,0.06079365079365079,0.1577777777777778,,,0.6458333333333333,,27.79285714285714,76.12321428571428,0.3701190476190476,160.98595238095237,0.0,0.0,146.06119047619046,744.9166666666666,0.16833333333333333
2023-08-26,,,,,,,,,,,,,,,,,,,,,0.0,,,
2023-08-27,,,,,,,,,,,,,,,,,,,,,0.0,,,
2023-08-28,,,,,,,,,,,,,,,,,,,,,0.0,,,
2023-08-29,36.99984375,83.80848958333333,4.188958333333333,16.4065625,12.132708333333333,5.205625,4.28140625,0.8008854166666667,42.38880208333333,0.17432291666666666,0.37177083333333333,,,0.31385416666666666,,28.7628125,60.85364583333333,0.9246875,44.5146875,0.0,0.0,193.79932291666668,756.6882291666667,0.1715625
2023-08-30,51.89107142857143,119.265,4.317857142857142,16.492857142857144,12.283928571428572,5.674285714285714,1.5814285714285714,0.8957142857142857,41.36357142857143,0.14178571428571426,0.40750000000000003,,,0.25,,26.696428571428573,72.28928571428571,0.23107142857142854,94.72714285714287,0.0,0.0,5.753928571428571,740.0660714285714,0.16964285714285715
2023-08-31,44.364947916666665,101.34666666666666,4.923229166666666,16.749166666666667,12.9115625,5.109322916666667,5.248333333333333,0.7848958333333333,43.71760416666667,,,,,,,29.570572916666666,61.47927083333333,1.0863020833333334,62.77890625,0.0,0.0,229.25536458333335,758.76921875,0.17093750000000002
2023-09-01,29.858645833333334,63.51109375,5.8534375,17.042760416666667,13.823854166666667,6.9201041666666665,2.0165625,0.7388020833333333,49.4775,1.7882142857142858,1.1114285714285717,,,3.2314285714285718,,28.808802083333333,66.77921875,0.5223958333333334,150.37432291666667,0.0,0.0,212.81041666666667,748.2507291666667,0.16984375000000002
2023-09-02,44.55571428571428,91.79976190476191,6.595119047619049,17.47357142857143,14.656071428571428,6.9695238095238095,3.1888095238095238,0.8320238095238095,47.29309523809524,1.789404761904762,1.1080952380952382,,,3.225595238095238,,28.79678571428571,68.17952380952381,0.8746428571428572,81.97869047619047,0.0,0.0,275.53190476190474,755.7509523809524,0.17
2023-09-03,18.33015625,29.35729166666667,5.829166666666667,15.33234375,12.895208333333333,7.243072916666667,2.8603125,0.7955729166666666,45.10791666666667,1.7486458333333332,1.0584895833333334,,,3.087552083333333,,27.354427083333334,76.41739583333333,0.8875520833333334,109.74890625,0.0,0.0,216.37572916666667,756.5105729166667,0.17046875
2023-09-04,31.88184027777778,61.623645833333335,4.4234374999999995,17.40375,12.8534375,6.375625,1.22875,0.7615625,43.00322916666667,1.6993055555555554,0.9831597222222223,,,2.8418402777777776,,26.694166666666664,75.86,0.4297916666666666,79.88708333333334,0.0,0.0,129.51583333333335,750.5059375000001,0.17020833333333332
2023-09-05,15.94340909090909,23.677386363636366,4.9533695652173915,16.644239130434784,12.880869565217392,6.978478260869565,1.5668840579710146,0.7973913043478261,42.90423913043478,1.6967028985507246,1.0528260869565218,,,2.883369565217391,,25.817934782608695,85.37880434782609,0.3377173913043478,184.69260869565218,0.0015217391304347828,0.0014583333333333334,67.36043478260869,744.1731521739131,0.1673913043478261
2023-09-06,,,,,,,,,,,,,,,,,,,,,0.0,,,
2023-09-07,14.212833333333332,19.553,3.3272395833333333,15.683489583333333,11.047447916666666,6.05015625,2.21109375,0.8357291666666666,41.947552083333335,1.66859375,1.0892708333333334,,,2.92203125,,28.146197916666665,72.11161458333333,0.5596354166666667,207.886875,0.0,0.0,159.25119791666665,743.37421875,0.17
2023-09-08,10.881458333333333,21.13083333333333,4.0666319444444445,15.238333333333332,11.41204861111111,6.129861111111111,2.5813888888888887,0.7828819444444445,42.30677083333333,0.9275694444444444,0.8678472222222222,,,1.606076388888889,,28.03861111111111,74.09652777777778,0.5322916666666667,213.79937500000003,0.0,0.0,178.29201388888887,744.2486805555556,0.17
2023-09-09,13.369404761904761,23.077125000000002,4.186041666666667,14.693020833333334,11.218229166666667,6.079791666666666,3.8430208333333336,0.7520833333333333,43.9384375,0.3159722222222222,0.7003124999999999,,,0.6900347222222223,,28.335104166666667,74.85927083333333,0.5891666666666667,186.74249999999998,0.0,0.0,153.20583333333335,748.0108333333333,0.17
2023-09-10,11.0,23.0,4.8175,14.2975,11.520833333333334,6.4025,1.38375,0.7704166666666667,42.456250000000004,0.2588888888888889,0.7005555555555555,,,0.7994444444444445,,25.951666666666668,90.59833333333334,0.4570833333333333,210.62,0.0,0.0,1.57625,742.57375,0.17
2023-09-11,,,,,,,,,,,,,,,,,,,,,0.0,,,
2023-09-12,13.803020833333333,28.536614583333332,5.185625,17.653697916666665,13.605260416666667,5.641875,3.73375,0.7774479166666667,42.62776041666667,0.28901041666666666,0.6674479166666667,,,0.759375,,29.105625,72.23942708333333,0.3848958333333333,115.90479166666667,0.0,0.0,139.20911458333333,747.6997916666667,0.17
2023-09-13,25.66916666666667,54.44048245614035,6.429291666666667,17.72658333333333,14.655458333333334,9.058125,4.368666666666667,0.8357916666666666,43.275,0.21070833333333333,0.39425,,,0.603235294117647,,29.455125,68.09408333333333,0.42174999999999996,124.97320833333333,0.0,0.0,151.138375,748.6344583333333,0.1705
2023-09-14,14.127083333333333,25.446458333333336,2.148125,17.140416666666667,10.864166666666668,8.534895833333334,3.3790625,0.7601041666666667,41.52614583333334,0.14822916666666666,0.45645833333333335,,,0.22916666666666666,,28.519166666666667,73.83520833333334,0.5145833333333333,152.49104166666666,0.0,0.0,101.7184375,745.1081250000001,0.17
2023-09-15,12.4903125,21.548125,1.7073958333333332,15.5028125,9.634791666666667,7.918020833333333,4.6384375,0.6970833333333334,41.442708333333336,0.11614583333333334,0.383125,,,0.24024509803921568,,29.18885416666667,73.36885416666667,0.49614583333333334,191.06833333333336,0.0,0.0,156.368125,745.5971875,0.17
2023-09-16,12.417916666666667,21.379166666666666,2.69375,14.863333333333333,10.09625,7.367916666666667,2.05625,0.73,41.587916666666665,0.12125,0.4720833333333334,,,0.15125,,27.60125,89.97916666666666,0.55625,202.68541666666667,0.0,0.0,0.75,745.4945833333334,0.17
2023-09-17,,,,,,,,,,,,,,,,,,,,,0.0,,,
2023-09-18,,,,,,,,,,,,,,,,,,,,,0.0,,,
2023-09-19,,,,,,,,,,,,,,,,,,,,,0.0,,,
2023-09-20,16.0846875,23.28,3.5696875,18.035,12.495625,5.654375,40.4465625,0.7784375,41.6015625,0.1809375,0.486875,,,0.2440625,,30.67125,62.612812500000004,0.5759375,125.9953125,0.0,0.0,341.2703125,757.9040625,0.17
2023-09-21,19.768,27.20825,1.5150000000000001,15.443999999999999,9.446,6.5722499999999995,5.62375,0.76275,41.5005,0.15275,0.46349999999999997,,,0.3075,,29.8625,70.50699999999999,0.64225,124.30725,0.0,0.0,203.85475000000002,755.55075,0.17
2023-09-22,,,,,,,,,,,,,,,,,,,,,0.0,,,
2023-09-23,21.12030303030303,29.006590909090907,3.344583333333333,15.349924242424242,10.884204545454544,6.576856060606061,,,41.53162878787879,0.23068181818181815,0.7454924242424241,,,0.2931060606060606,,28.184507575757575,88.68075757575758,0.5845454545454545,172.97806818181817,0.3097727272727273,0.2552083333333333,125.57791666666667,753.3704545454547,0.17022727272727273
2023-09-24,18.12138888888889,27.654444444444447,3.5336111111111115,16.006493055555556,11.38670138888889,6.036006944444445,,,42.37291666666667,0.14961805555555555,0.5062847222222223,,,0.22472222222222224,,28.794930555555556,81.28461805555555,0.5888541666666667,136.7226736111111,0.017499999999999998,0.017499999999999998,138.7292013888889,751.5255555555556,0.17
2023-09-25,10.157857142857143,15.641428571428571,3.5482142857142853,16.267321428571428,11.537142857142857,5.784642857142857,4.622,0.9390000000000001,42.06714285714286,0.07392857142857144,0.26785714285714285,,,0.1307142857142857,,29.380357142857143,75.35964285714286,0.6042857142857142,72.57125,0.0,0.0,191.68517857142857,751.7175,0.17
2023-09-26,21.59625,27.537875000000003,2.8665,14.606874999999999,10.099875,5.6274999999999995,4.129625,0.688,41.771625,0.12249999999999998,0.41075,,,0.21220238095238095,,28.4735,77.622625,0.585,158.303625,0.0,0.0,138.70475000000002,751.238875,0.17
2023-09-27,22.325833333333335,28.66197916666667,3.4292708333333333,15.010416666666666,10.772604166666667,5.624791666666667,3.8983333333333334,0.7395833333333334,41.64635416666667,0.14552083333333335,0.4852083333333333,,,0.1998958333333333,,28.987395833333334,76.234375,0.46937500000000004,137.21291666666667,0.0,0.0,127.67114583333334,748.2136458333333,0.17
2023-09-28,23.272916666666667,30.120625,4.08875,15.857708333333333,11.759791666666667,5.394583333333333,1.391875,0.744375,41.028958333333335,0.126875,0.43749999999999994,,,0.1589583333333333,,27.938958333333332,84.06875,0.535625,108.273125,0.0,0.0,64.09604166666666,747.1095833333334,0.17
2023-09-29,25.210568181818186,35.17761363636364,3.900795454545454,15.694886363636364,11.519545454545455,5.04125,2.663409090909091,0.6814772727272728,41.35363636363636,0.22568181818181818,0.71125,,,0.3019318181818182,,28.577613636363637,80.04840909090909,0.5355681818181819,166.78204545454545,0.05204545454545455,0.04770833333333333,72.42988636363636,750.2204545454545,0.17
2023-09-30,22.943854166666668,32.61364583333333,2.9871874999999997,14.705520833333333,10.250208333333333,4.963229166666667,5.218645833333333,0.7374999999999999,41.88197916666667,0.18552083333333333,0.6218750000000001,,,0.20270833333333335,,29.569270833333334,71.33447916666667,0.46270833333333333,182.65385416666666,0.0,0.0,173.80666666666664,750.745,0.17
2023-10-01,21.777604166666666,30.8171875,3.4625,14.318958333333333,10.431145833333334,5.088125,2.6884374999999996,0.7066666666666667,41.97666666666667,0.2053125,0.7226041666666667,,,0.1703125,,29.46739583333333,74.51531250000001,0.57875,201.71260416666667,0.0,0.0,160.83833333333334,750.0942708333333,0.17
2023-10-02,23.064895833333335,32.80104166666667,3.4976041666666666,14.816249999999998,10.7246875,4.772291666666667,2.6411458333333333,0.8170833333333333,41.94739583333334,0.1815625,0.6498958333333333,,,0.1509375,,29.228020833333332,79.84406249999999,0.5986458333333333,201.95624999999998,0.0,0.0,80.00135416666667,749.9393749999999,0.17
2023-10-03,27.442777777777778,39.541666666666664,3.4705555555555554,15.002500000000001,10.801944444444445,4.777777777777778,5.295277777777778,0.83,43.26222222222222,0.15611111111111112,0.5672222222222223,,,0.1597222222222222,,31.258333333333333,72.98833333333333,0.2850925925925926,183.37907407407408,0.0,0.0,395.2916666666667,750.31,0.17
2023-10-04,27.48985294117647,39.61338235294118,4.220294117647059,16.790294117647058,12.361617647058823,4.374117647058823,4.812794117647059,1.031764705882353,42.284705882352945,0.22514705882352942,0.5172058823529412,,,0.45705882352941174,,31.35970588235294,61.945735294117654,0.6170588235294118,76.24382352941177,0.0,0.0,248.9505882352941,751.5600000000001,0.17
2023-10-05,56.19395833333333,86.0125,3.2220833333333334,14.801666666666668,10.493333333333334,5.777291666666667,22.288749999999997,0.7302083333333333,52.12020833333333,0.06354166666666665,0.22999999999999998,,,0.21416666666666667,,32.549375,50.784166666666664,1.5477083333333332,16.64541666666667,0.0,0.0,743.7054166666667,769.46,0.17
2023-10-06,20.71625,31.90354166666667,2.789102564102564,19.07198717948718,12.411923076923076,4.21448717948718,7.728461538461539,0.7694230769230769,43.668653846153845,0.12442307692307691,0.3154487179487179,,,0.33326388888888886,,31.141153846153845,59.0577564102564,0.7430769230769231,90.42455128205128,0.0,0.0,244.95628205128202,753.3396794871795,0.16999999999999998
2023-10-07,23.109375,35.58979166666666,2.148229166666667,16.916875,10.743854166666667,5.1009375,7.498229166666667,0.4666269841269841,42.7834375,0.0884375,0.2603125,,,0.20420289855072463,,30.293541666666666,70.3459375,0.52,120.14718749999999,0.0,0.0,149.03375,747.3232291666667,0.17
2023-10-08,14.273958333333333,21.981979166666665,1.6420833333333331,15.361770833333333,9.506354166666666,5.342291666666667,4.5134375,0.8866666666666667,42.31229166666667,0.16010416666666666,0.5641666666666666,,,0.22138888888888889,,30.270625,77.01718749999999,0.6573958333333333,193.10583333333332,0.0,0.0,173.6415625,750.7798958333333,0.17
2023-10-09,20.30954861111111,31.276875,2.1732291666666668,14.841979166666667,9.66125,4.8640625,2.2084375,0.67875,44.04083333333333,0.0984375,0.3729166666666666,,,0.15156250000000002,,30.22447916666667,81.36385416666667,0.4608333333333334,159.39739583333332,0.0,0.0,127.45145833333333,747.6408333333334,0.17
2023-10-10,34.20364583333333,52.67385416666667,3.2302083333333336,14.303333333333333,10.234791666666666,4.493541666666666,2.5401041666666666,0.888125,44.44291666666667,0.0746875,0.2839583333333333,,,0.1196875,,30.175,78.7039393939394,0.4995833333333333,146.79802083333334,0.0,0.0,147.14458333333332,749.1931249999999,0.1701041666666667
2023-10-11,34.67211805555556,53.39434027777778,3.1528125,14.666041666666667,10.364270833333334,4.286458333333333,0.6026851851851851,1.0018749999999998,42.8915625,0.10177083333333332,0.3741666666666667,,,0.1746875,,29.718437499999997,82.23895833333333,0.519375,113.52833333333332,0.0,0.0,157.18322916666668,748.1653124999999,0.17
2023-10-12,32.288947368421056,49.72697368421053,3.939736842105263,14.246140350877193,10.780043859649123,4.549035087719298,3.113201754385965,0.8176315789473684,43.150570175438595,0.13473684210526315,2.305701754385965,,,0.19907894736842105,,30.466798245614033,74.74719298245614,0.6110526315789473,136.09162280701753,0.0,0.0,200.9182456140351,750.9196929824561,0.17
2023-10-13,28.96858695652174,44.61173913043478,3.414513888888889,14.189930555555556,10.323819444444444,5.031666666666667,3.2411274509803922,0.7494444444444445,42.78484375,0.22284722222222222,0.7146527777777778,,,0.3159375,,29.366527777777776,81.37659722222223,0.5180555555555556,106.78847222222221,0.0,0.0,162.37822916666667,746.6610416666667,0.17
2023-10-14,15.906770833333333,24.495833333333334,1.8967708333333333,15.355937500000001,9.7096875,4.726736111111111,,0.4925,,0.9588541666666667,38.64666666666667,,,0.8825,,29.287499999999998,78.29364583333333,0.4370833333333333,95.1671875,0.0,0.0,162.09569444444443,741.5660416666666,0.17
2023-10-15,16.334374999999998,25.15416666666667,4.269895833333334,15.02875,11.4659375,5.7021875,2.9971875000000003,0.8134375,,0.9404166666666667,10.450833333333334,,,0.8435763888888889,,29.541458333333335,79.25239583333332,0.48374999999999996,104.55822916666666,0.0,0.0,151.2940625,742.4207291666667,0.17
2023-10-16,14.694791666666667,22.629270833333333,3.6658333333333335,15.351770833333333,11.146458333333333,5.493645833333333,5.646979166666667,0.8473958333333332,41.28942307692308,0.553125,0.0,,,0.4961458333333333,,29.34364583333333,79.54822916666667,0.5678124999999999,90.62145833333334,0.0,0.0,148.61510416666667,743.7678125000001,0.17
2023-10-17,14.077708333333334,20.614375,4.339270833333333,15.814479166666667,11.939791666666666,5.515625,3.6816666666666666,0.8227083333333334,41.32697916666667,0.1553125,0.0,,,0.17375,,29.176666666666666,77.4440625,0.5191666666666667,104.284375,0.0,0.0,154.86625,742.94,0.17
2023-10-18,24.941309523809526,34.548968253968255,2.8924603174603174,16.855079365079366,11.317420634920634,4.303849206349206,4.0755952380952385,0.9391666666666667,41.46666666666667,0.13765873015873015,0.0,,,0.17253968253968252,,29.19265873015873,78.5034126984127,0.33123015873015876,120.83424603174602,0.0,0.0,110.4475,738.6801587301587,0.16940476190476192
2023-10-19,34.88055555555555,49.856319444444445,2.880763888888889,15.775104166666667,10.730208333333332,4.435347222222222,6.384270833333333,0.9036805555555555,42.529895833333335,0.1351388888888889,0.0,,,0.13375,,29.577812499999997,79.0357986111111,0.45659722222222227,87.26010416666666,0.0,0.0,147.38625,742.7852430555555,0.17
2023-10-20,32.13634259259259,45.63004629629629,3.3474537037037035,16.355416666666667,11.422592592592594,4.238981481481481,3.5455555555555556,0.9793981481481482,43.74138888888889,0.09666666666666666,0.0,,,0.13374999999999998,,28.06782407407407,80.64962962962963,0.7175462962962963,30.841435185185187,0.0,0.0,33.75328703703704,746.6670370370371,0.17
2023-10-21,20.081041666666668,27.065833333333334,3.234375,15.961041666666667,11.118541666666667,4.374479166666666,5.267708333333333,0.9941666666666666,41.20041666666666,0.27458333333333335,0.0,,,0.2753125,,28.981770833333332,74.1659375,0.6485416666666667,57.23677083333333,0.0,0.0,152.09114583333334,745.6363541666666,0.17
2023-10-22,20.4553125,27.642395833333335,4.060104166666666,16.663958333333333,12.165416666666667,4.3445833333333335,4.62875,0.759375,41.4615625,0.296875,0.0,,,0.45031249999999995,,28.560000000000002,66.37114583333333,1.0573958333333333,27.343125,0.0,0.0,165.73690972222224,752.5151041666667,0.17
2023-10-23,19.767916666666668,26.5828125,4.056875,16.53739583333333,12.094270833333333,4.651354166666667,12.198020833333333,0.664375,41.43916666666667,0.3003125,0.0,,,0.4595833333333333,,27.89635416666667,61.52260416666667,0.9885416666666668,40.104791666666664,0.0,0.0,156.08760416666667,751.0573958333333,0.17
2023-10-24,22.843625,31.319125000000003,3.421375,16.362875,11.4845,4.590375,8.300999999999998,0.7344999999999999,41.203500000000005,0.328125,0.0,,,0.454,,28.53275,63.936249999999994,0.718,65.0925,0.0,0.0,175.93912500000002,746.230375,0.16987500000000003
2023-10-25,24.172222222222224,33.36833333333333,2.844027777777778,17.74388888888889,11.750416666666666,4.233333333333333,15.509861111111112,1.2119444444444445,41.341388888888886,0.4172222222222222,0.0005555555555555556,,,0.47750000000000004,,29.313055555555554,60.77291666666666,0.6438888888888888,59.85555555555556,0.0,0.0,191.1902777777778,745.0786111111111,0.16930555555555557
2023-10-26,20.723958333333332,28.054479166666667,2.7615625,17.2303125,11.410416666666668,4.190416666666667,5.795000000000001,1.1883333333333332,40.952395833333334,0.20645833333333333,0.25458333333333333,,,0.3145833333333333,,28.506874999999997,70.28041666666667,0.5601041666666667,63.54916666666667,0.0,0.0,140.96194444444444,743.9484375000001,0.17
2023-10-27,27.636631944444446,38.70017361111111,3.849895833333333,16.093923611111112,11.690555555555555,4.927847222222222,3.3633680555555556,0.9839930555555556,41.63302083333333,0.15371527777777777,0.5048611111111111,,,0.2488888888888889,,28.78260416666667,81.75940972222223,0.6936458333333334,64.12284722222222,0.0,0.0,129.92177083333334,746.1149999999999,0.16986111111111113
2023-10-28,20.884270833333336,28.30135416666667,3.4160416666666666,15.373229166666667,10.9540625,5.000625,2.4791666666666665,0.8090625,40.993125,0.16385416666666666,2.099513888888889,,,0.265625,,28.285208333333333,85.72364583333332,0.7155208333333333,58.17729166666667,0.0,0.0,96.24177083333335,746.5032291666666,0.17
2023-10-29,25.67375,35.67572916666666,3.073020833333333,15.065624999999999,10.511666666666667,4.942395833333333,4.665104166666667,0.9659375,41.418645833333336,0.19177083333333333,5.2442013888888885,,,0.29614583333333333,,28.7975,82.64708333333333,0.8011458333333333,83.96802083333334,0.0,0.0,135.13114583333333,748.975,0.17
2023-10-30,22.481875000000002,30.761145833333334,3.2919791666666662,15.359791666666666,10.847083333333332,4.925833333333333,6.904479166666667,0.9522916666666666,41.410833333333336,0.17635416666666667,1.7422569444444445,,,0.2966666666666667,,28.42625,80.74718750000001,0.8067708333333333,70.35041666666667,0.0,0.0,129.32750000000001,748.3258333333333,0.17
2023-10-31,30.498437499999998,44.14225694444445,3.138125,15.448125,10.768090277777778,4.864444444444445,4.7060763888888895,1.0000694444444445,42.95097222222222,0.15937500000000002,2.048472222222222,,,0.24659722222222222,,28.22204861111111,77.4654513888889,0.7705902777777777,56.219340277777775,0.0,0.0,140.31006944444445,747.8369097222222,0.16968750000000002
2023-11-01,27.88552083333333,39.8434375,3.717083333333333,15.28375,11.151979166666665,5.044479166666666,3.7507291666666664,0.8614583333333333,41.474895833333335,0.176875,0.5902083333333333,,,0.2947916666666667,,28.089375,78.01416666666667,1.0690625,48.61041666666667,0.0,0.0,141.25843749999999,752.7789583333333,0.17
2023-11-02,21.67197916666667,30.274583333333336,3.650104166666667,15.1825,11.043437500000001,4.9534375,3.0386458333333333,0.685,41.051562499999996,0.1840625,0.62125,,,0.3260416666666667,,28.53322916666667,84.079375,0.9052083333333334,58.1784375,0.0,0.0,145.75375,749.85,0.17
2023-11-03,21.593958333333333,30.1528125,4.136145833333333,15.055729166666666,11.371041666666665,5.065,0.9994791666666667,0.5392708333333334,40.98489583333333,0.18270833333333333,0.6313541666666667,,,0.3261458333333333,,28.716875,85.34750000000001,0.9305208333333334,72.33072916666667,0.0,0.0,143.88916666666668,750.7890625,0.17
2023-11-04,19.88375,27.52135416666667,4.05,15.40125,11.484375,4.907708333333333,0.3804385964912281,0.7687499999999999,40.87833333333334,0.12729166666666666,0.4226736111111111,,,0.2148958333333333,,27.968333333333334,90.03630434782609,0.7653125,47.567395833333336,0.010416666666666666,0.010416666666666666,100.1465625,745.9200000000001,0.17
2023-11-05,34.14,49.47458333333333,4.86,12.902619047619046,6.336428571428571,3.890625,2.2173958333333332,0.2524166666666666,42.66273809523809,0.18672619047619046,0.6641666666666667,,,0.25916666666666666,,28.75279761904762,83.20970238095238,0.6845833333333333,71.06714285714285,0.0,0.0,218.8725,748.672380952381,0.17
2023-11-06,19.613645833333333,27.104479166666668,5.0,11.831145833333332,10.360729166666667,5.656018518518518,1.9144791666666665,0.22916666666666666,42.98104166666667,0.2009375,4.178949275362319,,,0.2754861111111111,,27.73625,91.28958333333333,0.7194791666666666,68.3534375,0.0,0.0,67.77270833333334,747.17875,0.17
2023-11-07,23.3634375,32.88,5.0,12.123541666666666,10.514583333333333,5.6476041666666665,3.3541666666666665,0.9538541666666668,42.85885416666667,0.17135416666666667,0.6033333333333334,,,0.2653125,,28.314895833333335,87.12,0.793125,52.1403125,0.0,0.0,137.49895833333332,748.4728125,0.17
2023-11-08,24.031145833333337,33.8503125,5.066770833333334,13.939895833333333,11.534374999999999,5.643229166666667,3.62375,0.9244565217391304,42.61,0.20833333333333334,3.740138888888889,,,0.3580208333333333,,27.591145833333332,90.48447916666667,1.075,64.43593750000001,0.021562500000000002,0.021562500000000002,105.64041666666667,753.8579166666667,0.16989583333333336
2023-11-09,27.871458333333333,39.56364583333333,5.0,13.211979166666666,11.0934375,5.192291666666667,5.698333333333333,1.028125,43.110104166666666,0.13208333333333333,0.4842708333333334,,,0.21677083333333333,,28.3821875,80.96770833333333,0.5645833333333333,82.295,0.0,0.0,129.34072916666665,743.2835416666667,0.16968750000000002
2023-11-10,50.2959375,73.649375,5.115729166666667,14.399895833333334,11.818333333333333,5.2878125,5.156354166666667,1.0926811594202899,43.3253125,0.1203125,0.4483333333333333,,,0.19947916666666665,,27.87427083333333,74.08614583333333,0.5916666666666667,52.07697916666667,0.0,0.0,142.39645833333333,742.9490625,0.16937500000000003
2023-11-11,39.17760416666667,56.7515625,5.000104166666667,13.477812499999999,11.2353125,4.612291666666667,6.534270833333333,1.1548958333333335,42.5865625,0.16697916666666668,0.42874999999999996,,,0.17229166666666665,,27.65041666666667,74.5746875,0.46781249999999996,70.66302083333333,0.0,0.0,133.48833333333332,741.7879166666667,0.17
2023-11-12,59.30885416666666,95.59947916666668,5.000520833333334,15.403576388888888,12.258784722222222,4.588923611111111,9.05107638888889,1.2678819444444445,43.40833333333333,0.3854166666666667,0.6740277777777778,,,0.32093750000000004,,27.669027777777774,75.14111111111112,0.39493055555555556,59.06697916666667,0.0,0.0,120.89118055555555,740.4854861111111,0.17
2023-11-13,34.33638888888889,63.272708333333334,5.0,11.811145833333333,10.348645833333334,4.79,9.459791666666666,1.234375,31.111145833333335,1.0467708333333334,1.1730208333333334,,,0.7766666666666667,,27.612291666666668,73.16125,0.5585416666666666,55.89489583333333,0.0,0.0,117.45145833333333,746.2946874999999,0.17
2023-11-14,35.75402777777778,60.507534722222225,5.0,12.94892361111111,10.95298611111111,4.994166666666667,6.119652777777778,1.1123958333333333,20.727881944444444,0.5407986111111112,0.7793402777777777,,,0.4715972222222222,,27.63309027777778,72.89024305555556,0.7949305555555556,43.19409722222222,0.0,0.0,107.54607638888889,749.5135763888889,0.17
2023-11-15,36.20552083333333,61.4096875,5.0,14.748020833333333,11.909374999999999,4.658125,8.270416666666668,1.0769791666666666,20.385520833333334,0.11916666666666666,0.3922916666666667,,,0.20791666666666664,,27.486041666666665,70.81541666666666,0.7663541666666668,35.101979166666666,0.0,0.0,92.06031250000001,748.0135416666667,0.17
2023-11-16,40.6165,70.22975,5.0,14.331624999999999,11.688625,4.48925,6.1635,1.0445,20.67475,0.35225,0.36775,,,0.454,,28.467624999999998,66.68975,0.846125,31.669375000000002,0.0,0.0,156.763375,750.37975,0.17
2023-11-17,31.282708333333332,51.568125,5.0,12.4378125,10.682395833333333,4.469375,2.551041666666667,0.8545833333333333,20.2684375,1.2115277777777778,0.7287499999999999,,,1.4197916666666668,,28.1346875,78.9415625,0.546875,62.50385416666666,0.0,0.0,106.02947916666666,743.64875,0.17
2023-11-18,27.884761904761906,44.768214285714286,5.0,13.538214285714286,11.265476190476189,4.765357142857143,3.3885714285714283,1.0333333333333332,29.819880952380952,0.7532142857142857,0.406984126984127,,,0.7856746031746032,,27.777738095238096,81.71095238095238,0.6514285714285715,55.897380952380956,0.0,0.0,65.83952380952381,744.9571428571429,0.18464285714285716
2023-11-19,25.252395833333335,39.504583333333336,5.0,12.447604166666666,10.686041666666666,4.729583333333333,2.4515625,0.9813541666666666,40.089166666666664,0.2727777777777778,0.07010416666666668,,,0.12013888888888886,,27.922187500000003,78.89208333333333,0.7269791666666667,58.8790625,0.0,0.0,132.4934375,746.1052083333334,0.20000000000000004
2023-11-20,25.316770833333333,39.634791666666665,5.0,12.710833333333333,10.826354166666667,4.906979166666667,3.49,0.9029166666666667,40.12708333333333,0.42225694444444445,0.4835763888888889,,,0.2694097222222222,,27.650833333333335,74.7546875,1.1928125,43.46333333333333,0.0,0.0,104.29760416666666,754.7151041666666,0.20114583333333336
2023-11-21,23.2078125,36.24239583333333,5.0,12.128541666666665,10.5171875,4.784479166666666,1.4165277777777778,0.7756250000000001,40.224270833333335,0.5395138888888888,0.8435069444444444,,,0.42493055555555553,,27.012083333333333,79.9753125,1.0762500000000002,50.93989583333334,0.0,0.0,79.71,752.5819791666667,0.23114583333333336
2023-11-22,19.48875,31.44034090909091,5.0,12.401704545454544,10.661704545454546,4.823977272727273,2.4738492063492066,0.8298863636363637,38.19511363636364,0.46200757575757573,1.0364015151515151,,,0.41075757575757577,,26.829431818181817,89.12659090909091,0.7652272727272728,36.64022727272727,0.00125,0.0011458333333333333,50.685568181818184,745.8302272727273,0.27
2023-11-23,30.90475,50.810874999999996,5.0,12.254625,10.58325,4.778375,4.100875,0.906875,32.5255,0.5355,0.8313750000000001,,,0.493375,,27.422125,85.08324999999999,0.8005000000000001,74.370375,0.0,0.0,82.583375,748.2095,0.27
2023-11-24,29.690208333333334,49.74309027777778,5.0,13.671111111111111,11.336875,4.755451388888889,3.5905555555555555,1.0711111111111111,29.96569444444444,0.5753472222222222,0.42260416666666667,,,0.5535416666666667,,27.4890625,80.11100694444444,0.741736111111111,50.176562499999996,0.0,0.0,78.45368055555555,745.9785763888889,0.27
2023-11-25,28.2209375,46.339062500000004,5.0,12.4671875,10.696562499999999,4.954583333333333,7.463541666666667,0.9794791666666667,30.176770833333332,0.4673958333333333,0.40312499999999996,,,0.7290625,,27.843854166666663,76.3471875,0.9658333333333333,67.8315625,0.0,0.0,125.57385416666666,751.3165625,0.27
2023-11-26,34.22385416666666,56.081250000000004,5.0,12.700104166666668,10.820625,4.8888541666666665,4.087604166666667,1.0430208333333333,30.147291666666664,0.4509375,0.3499999999999999,,,0.7102083333333332,,27.770625,79.09947916666667,0.8515625,60.54083333333333,0.0,0.0,109.99385416666667,748.7152083333334,0.27
2023-11-27,43.00121527777778,75.49861111111112,5.036666666666666,12.450972222222221,10.71892361111111,4.143541666666667,1.6942361111111113,0.9914930555555556,31.522743055555555,0.46645833333333336,0.4105208333333333,,,0.6732291666666667,,27.32802083333333,79.94427083333333,0.9376041666666667,55.56215277777778,0.0,0.0,110.19673611111112,753.6882291666667,0.2715625
2023-11-28,39.97416666666667,72.45375,5.000416666666667,13.014895833333334,10.988333333333335,4.0851041666666665,1.7077430555555555,0.7451041666666667,30.15833333333333,0.4432291666666666,0.6098958333333334,,,0.3701041666666667,,27.19395833333333,80.56114583333333,0.830625,68.75520833333333,0.0,0.0,104.12604166666667,754.2736458333334,0.27375
2023-11-29,35.0803125,63.7134375,5.0,12.983229166666668,10.971770833333332,3.738958333333333,1.664375,0.8423958333333333,33.35375,0.48041666666666666,0.706875,,,0.245625,,27.1915625,80.46770833333333,0.9361458333333333,54.3215625,0.0,0.0,95.9278125,756.1394791666667,0.27395833333333336
2023-11-30,42.308125,75.52260416666667,5.008958333333333,12.221458333333333,10.570729166666666,3.6363541666666666,5.255520833333333,1.01875,33.556666666666665,0.5765625,0.8313541666666667,,,0.3126041666666666,,27.33604166666667,77.8028125,1.0139583333333333,58.10697916666667,0.0,0.0,114.88447916666667,758.99125,0.27468750000000003
2023-12-01,57.46145833333333,91.89510416666667,5.0,13.225416666666668,11.100520833333334,3.693020833333333,5.925520833333334,1.0959375,33.67364583333333,0.5317708333333334,0.8402083333333333,,,0.22,,27.316979166666666,73.32864583333334,0.9405208333333334,49.925625,0.0,0.0,124.33041666666668,757.3605208333333,0.27375
2023-12-02,48.996874999999996,88.38302083333333,5.0,12.235833333333332,10.573784722222221,3.6912847222222225,5.5782638888888885,1.0794444444444444,31.057291666666668,0.42111111111111116,0.782638888888889,,,0.06284722222222222,,27.3528125,68.94024305555556,1.3424305555555556,43.06996527777778,0.0,0.0,77.34368055555555,763.4432638888889,0.27447916666666666
2023-12-03,32.207812499999996,63.415,5.0,11.440520833333332,10.15125,3.699375,1.9249166666666668,0.8746875,30.836354166666666,0.4739583333333333,0.7629166666666666,,,0.02089285714285714,,27.864479166666666,61.389270833333335,2.0028125,37.85583333333333,0.0,0.0,72.641875,775.5535416666667,0.2776041666666667
2023-12-04,23.663055555555555,45.61736111111111,5.064618055555555,13.031701388888889,11.049826388888889,4.407118055555555,1.8694097222222223,0.5106597222222222,29.322604166666665,0.46718750000000003,0.6965972222222222,,,0.17071428571428574,,25.895972222222223,83.11732638888888,2.4483333333333333,41.17420138888889,0.03927083333333333,0.0390625,19.086076388888888,783.0470486111111,0.27927083333333336
2023-12-05,10.159166666666666,18.8328125,5.0,11.9325,10.413124999999999,4.197916666666667,1.7422916666666666,0.5204166666666666,27.25197916666667,0.4396875,0.6133333333333333,,,0.10479166666666666,,25.880208333333332,96.8653125,2.4859375,77.05354166666667,2.026145833333333,2.026145833333333,25.7609375,783.5905208333334,0.2786458333333333
2023-12-06,17.738371212121212,33.76651515151515,5.0,13.175984848484848,11.073901515151515,3.7443560606060604,4.214659090909091,0.806780303030303,24.111022727272726,0.46181818181818185,0.6081818181818182,,,0.0821212121212121,,26.11632575757576,87.78125,0.9812878787878788,158.38484848484848,0.3043181818181818,0.27895833333333336,90.83170454545454,754.4929166666666,0.27284090909090913
2023-12-07,25.5975,49.47666666666667,5.004166666666666,14.044583333333334,11.539583333333333,4.21625,11.863124999999998,0.785625,20.116249999999997,0.5616666666666666,0.7220833333333334,,,0.21958333333333332,,28.08875,72.63666666666667,0.945,24.822708333333335,0.0,0.0,181.088125,749.8802083333334,0.27
2023-12-08,26.17833333333333,50.54625000000001,5.0529166666666665,13.393958333333332,11.232638888888888,4.590416666666667,6.8694444444444445,0.8268055555555556,20.079583333333336,0.5339583333333334,0.8310416666666667,,,0.239375,,28.240277777777777,67.268125,0.9402083333333332,28.34347222222222,0.0,0.0,260.4579861111111,749.6104166666668,0.2697916666666667
2023-12-09,27.504705882352944,52.99955882352941,5.1376470588235295,14.148970588235294,11.703088235294118,4.211911764705882,2.4526470588235294,0.6495588235294117,21.43720588235294,0.5561764705882353,0.8275,,,0.17176470588235293,,27.728970588235292,66.8625,0.7835294117647059,32.216911764705884,0.0,0.0,174.3764705882353,745.6922058823529,0.2695588235294118
2023-12-10,31.532107843137254,60.43166666666667,5.0,14.103235294117647,11.566274509803922,4.411519607843138,5.835686274509804,0.5795588235294117,22.869313725490194,0.5469117647058823,0.7754411764705883,,,0.12151960784313723,,27.18622549019608,67.52887254901961,0.771764705882353,73.21426470588234,0.0,0.0,184.12524509803922,745.3364215686274,0.2697058823529412
2023-12-11,28.78710144927536,55.36630434782609,5.0,13.711195652173913,11.35909420289855,4.224384057971014,5.262789855072464,0.7867391304347826,25.13061594202899,0.5495652173913044,0.778840579710145,,,0.0913768115942029,,26.146195652173912,68.09710144927536,0.6077536231884058,50.49916666666667,0.0,0.0,145.96039855072465,741.9990217391305,0.2694565217391305
2023-12-12,37.70369791666666,71.82697916666666,5.0,12.098072916666666,10.50171875,3.4026041666666664,6.93,1.1429166666666666,27.727916666666665,0.56,0.83,,,0.08937499999999998,,27.212916666666665,68.54744791666667,0.60375,77.11859375,0.0,0.0,179.77531249999998,743.7222395833334,0.26953125
2023-12-13,42.050476190476196,79.8522619047619,5.0,12.195119047619047,10.553095238095239,3.4539285714285715,7.496190476190476,1.0989285714285715,27.7125,0.5877380952380953,0.8434523809523808,,,0.11666666666666667,,26.380714285714287,70.63964285714285,0.6454761904761904,38.57178571428572,0.0,0.0,142.16059523809523,743.672619047619,0.27
2023-12-14,47.56885416666666,90.04114583333335,5.0,14.353958333333333,11.700208333333334,4.128125,5.2335416666666665,0.7514583333333333,26.811041666666668,0.5710763888888889,0.8381249999999999,,,0.1126388888888889,,25.844166666666666,70.51854166666666,0.7485416666666667,47.86364583333333,0.0,0.0,113.48302083333334,745.1020833333333,0.27
2023-12-15,50.54739583333333,95.10760416666666,5.0,13.563333333333333,11.279166666666667,4.151979166666666,6.585208333333333,0.7547916666666666,27.056979166666668,0.5397916666666667,0.8188541666666667,,,0.08875,,25.7884375,73.16229166666666,1.0562500000000001,38.25791666666667,0.0,0.0,76.81864583333333,750.4204166666667,0.27020833333333333
2023-12-16,48.02166666666667,90.10833333333333,5.0,13.570625,11.283854166666666,3.9934375,7.1703125000000005,0.9372916666666667,27.0,0.5304166666666666,0.81,,,0.07927083333333333,,26.2834375,75.72875,0.8258333333333333,37.001979166666665,0.0,0.0,85.26875,746.6705208333333,0.27
2023-12-17,62.36270833333333,116.58270833333334,5.0,12.936979166666667,10.9471875,3.9234375,4.5840625,1.0438541666666667,26.980520833333333,0.5303125000000001,0.81,,,0.0803125,,26.121354166666666,79.9665625,0.7598958333333333,54.7159375,0.0,0.0,71.36791666666666,745.0799999999999,0.27
2023-12-18,57.00571428571429,106.69119047619047,5.030833333333333,14.02357142857143,11.549999999999999,3.9492857142857143,4.831904761904762,1.2227380952380953,27.199761904761907,0.4909126984126984,0.7939285714285714,,,0.0644047619047619,,26.29380952380952,74.15619047619047,0.745,38.36571428571428,0.0,0.0,111.53071428571428,748.4861904761905,0.2725
2023-12-19,51.80552083333333,97.09218750000001,5.0,14.884895833333333,11.983125,3.8785416666666666,5.923541666666666,1.0376041666666667,27.20104166666667,0.4310763888888889,0.77,,,0.040763888888888884,,25.609583333333333,74.94041666666666,0.8336458333333333,42.7175,0.0,0.0,97.44125000000001,747.101875,0.2701041666666667
2023-12-20,51.63604166666667,98.79031249999998,5.0003125,15.6640625,12.396770833333333,3.7373958333333337,8.063333333333334,1.1159375,27.187083333333334,0.44878472222222227,0.749375,,,0.05482638888888888,,25.491875000000004,74.831875,0.7840625,44.903645833333336,0.0,0.0,100.74916666666667,747.8962499999999,0.2703125
2023-12-21,43.40677083333333,87.9493115942029,5.0,14.836041666666667,11.956145833333332,3.6827083333333337,7.922083333333333,1.1260416666666666,27.113958333333333,0.49104166666666665,0.6999999999999998,,,0.09000000000000001,,25.334999999999997,70.99927083333334,0.6178125,66.76677083333333,0.0,0.0,123.18333333333334,744.3509375,0.2701041666666667
2023-12-22,51.06845238095238,90.91214285714285,5.0,15.099166666666667,12.096874999999999,3.4154166666666668,5.8409375,0.9184375,26.933958333333333,0.49114583333333334,0.6999999999999998,,,0.08989583333333333,,25.062916666666666,72.72166666666666,0.505,56.804479166666674,0.0,0.0,111.476875,740.5343750000001,0.26989583333333333
2023-12-23,63.634166666666665,114.99437499999999,5.0147916666666665,15.230937500000001,12.179166666666667,3.271354166666667,4.426770833333333,0.961875,26.951354166666665,0.4905555555555556,0.6999999999999998,,,0.09010416666666667,,25.40416666666667,76.78052083333334,0.7267708333333333,65.42135416666666,0.0,0.0,105.31444444444445,744.6455208333333,0.2701041666666667
2023-12-24,56.379201388888895,100.1215625,5.0,14.006041666666667,11.515034722222223,3.8263541666666665,6.185416666666666,1.2418055555555556,27.15635416666667,0.4906597222222222,0.6999999999999998,,,0.09006944444444444,,25.83638888888889,78.69725694444445,0.8019444444444445,55.18649305555556,0.0,0.0,120.11020833333333,747.3462847222222,0.2701041666666667
2023-12-25,44.61833333333333,76.02083333333334,5.0,12.745625,10.846250000000001,4.2562500000000005,3.782083333333333,0.765,27.606666666666666,0.49,0.6999999999999998,,,0.08916666666666664,,28.4825,62.112500000000004,1.0164583333333335,31.84979166666667,0.0,0.0,315.54520833333333,755.065625,0.27
2023-12-26,46.27609375,79.40848958333333,5.0,14.860729166666667,11.969895833333334,3.8638020833333333,1.6311979166666668,0.93125,27.06890625,0.490625,0.7,,,0.08989583333333333,,27.446041666666666,70.46786458333334,0.7919791666666667,57.62770833333333,0.0,0.0,168.34489583333334,746.1088541666667,0.26937500000000003
2023-12-27,53.96725,95.17675,5.0,14.026500000000002,11.526,3.8850000000000002,1.875,1.0314999999999999,26.7215,0.4913333333333333,0.7,,,0.091,,25.24575,90.626,0.6174999999999999,42.55,0.0,0.0,74.36500000000001,740.527,0.27
2023-12-28,44.67607142857143,76.12857142857142,5.017142857142857,15.616785714285713,12.385357142857144,3.7624999999999997,4.020357142857143,1.167857142857143,31.012857142857143,0.4907142857142857,0.7,,,0.09035714285714284,,25.876785714285713,74.30607142857143,0.4135714285714286,98.05857142857143,0.0,0.0,1.0560714285714285,738.7221428571429,0.27
2023-12-29,50.02892857142857,87.10464285714285,5.0,12.757321428571428,10.852857142857143,3.547678571428572,1.8948214285714287,1.0948214285714286,27.163571428571426,0.49089285714285713,0.7,,,0.09124999999999998,,27.21357142857143,65.20482142857144,0.9057142857142857,55.128392857142856,0.0,0.0,200.11130952380952,750.2566071428572,0.27035714285714285
2023-12-30,47.444833333333335,81.80516666666666,5.004499999999999,13.904333333333334,11.466333333333333,3.508,5.354285714285715,0.92125,26.902833333333334,0.4905,0.7,,,0.08933333333333332,,26.915333333333333,68.45183333333333,0.6335,58.16833333333333,0.0,0.0,174.40916666666666,748.5593333333333,0.2708333333333333
2023-12-31,45.00808823529411,76.80882352941177,5.0,12.966911764705882,10.962205882352942,4.068235294117647,2.4859999999999998,0.77525,26.0,0.4898529411764706,0.7005882352941175,,,0.08970588235294118,,27.269264705882353,66.62352941176471,0.5197058823529411,79.09617647058823,0.0,0.0,170.93779411764706,747.4001470588236,0.27
2024-01-01,39.04,64.58,5.0,12.32,10.62,3.79,1.91,0.56,26.0,0.49,0.7,,,0.09,,26.33,74.09,0.64,71.5,0.0,0.0,95.16,747.75,0.27
2024-01-02,36.53,59.42,5.0,14.21,11.62,4.29,2.18,0.71,26.0,0.48,0.69,,,0.07,,25.98,76.88,0.71,73.7,0.0,0.0,118.57,750.0,0.27
2024-01-03,41.68,70.0,5.0,13.02,10.99,4.29,2.56,0.84,26.0,0.47,0.67,,,0.09,,26.09,74.28,1.04,54.64,0.0,0.0,115.58,757.0,0.27
2024-01-04,40.17,66.89,5.0,13.62,11.31,4.29,3.21,0.8,28.15,0.49,0.71,,,0.16,,26.12,72.86,1.2,60.21,0.0,0.0,120.23,760.71,0.27
2024-01-05,32.48,51.12,5.0,14.51,11.78,4.08,3.52,0.86,30.28,0.5,0.74,,,0.18,,25.69,71.36,0.97,50.77,0.0,0.0,129.47,754.98,0.27
2024-01-06,47.46,81.83,5.0,12.78,10.86,4.09,3.52,0.86,30.28,0.5,0.74,,,0.18,,25.43,77.32,1.12,51.89,0.0,0.0,123.35,756.34,0.27
2024-01-07,46.14,79.14,5.0,12.32,10.62,4.16,3.52,0.86,30.28,0.5,0.74,,,0.18,,25.67,75.17,1.21,51.04,0.0,0.0,124.36,758.76,0.27
2024-01-08,52.42,92.0,5.0,14.32,11.68,4.62,3.52,0.86,30.28,0.5,0.74,,,0.18,,25.73,74.68,1.38,47.88,0.0,0.0,78.24,761.73,0.27
2024-01-09,62.1,111.84,5.0,11.99,10.44,3.69,4.23,0.89,30.28,0.37,0.72,,,0.22,,27.24,70.21,0.75,67.45,0.0,0.0,143.27,751.64,0.27
2024-01-10,67.84,123.61,5.27,15.22,12.38,4.41,4.26,0.89,30.28,0.37,0.72,,,0.22,,25.9,81.7,0.76,51.02,0.0,0.0,109.85,750.51,0.27
2024-01-11,58.14,103.74,5.0,13.33,11.16,3.59,6.11,0.8,30.5,0.35,0.71,,,0.25,,27.99,63.94,0.51,85.45,0.0,0.0,163.2,746.95,0.27
2024-01-12,68.96,125.92,5.01,14.5,11.78,3.61,7.62,0.73,32.27,0.35,0.73,,,0.27,,26.88,76.23,0.5,93.6,0.0,0.0,115.19,746.51,0.27
2024-01-13,66.47,120.81,5.0,14.41,11.73,3.7,7.62,0.73,32.27,0.35,0.73,,,0.27,,27.15,79.34,0.45,142.34,0.0,0.0,112.1,746.11,0.27
2024-01-14,119.34,160.35,5.0,13.17,11.07,3.78,6.36,0.7,29.91,0.38,0.76,,,0.3,,27.29,79.68,0.49,142.14,0.0,0.0,118.28,748.56,0.27
2024-01-15,68.68,134.69,5.0,12.5,10.71,4.21,5.63,0.68,28.56,0.39,0.77,,,0.31,,27.09,80.34,0.48,127.13,0.0,0.0,152.98,747.47,0.27
2024-01-16,41.62,79.22,5.0,12.09,10.49,3.67,5.63,0.68,28.56,0.39,0.77,,,0.31,,28.11,64.53,0.65,179.07,0.0,0.0,153.81,752.57,0.27
2024-01-17,77.0,151.76,5.0,12.56,10.75,3.96,5.63,0.68,28.56,0.39,0.77,,,0.31,,24.42,91.97,0.3,162.97,0.0,0.0,0.41,740.72,0.27
2024-01-18,,,,,,,,,,,,,,,,,,,,,0.0,,,
2024-01-19,46.69,89.62,5.0,13.43,11.21,3.56,5.63,0.68,28.56,0.39,0.77,,,0.31,,27.77,66.74,0.52,107.67,0.0,0.0,209.18,749.71,0.27
2024-01-20,,,5.0,13.32,11.15,3.54,5.63,0.68,28.56,0.39,0.77,,,0.31,,26.56,78.54,0.52,84.53,0.0,0.0,136.0,747.86,0.27
2024-01-21,40.18,76.27,5.0,12.87,10.91,3.69,5.63,0.68,28.56,0.39,0.77,,,0.31,,26.83,76.94,0.52,133.66,0.0,0.0,118.12,748.78,0.27
2024-01-22,37.89,71.59,5.0,13.35,11.17,3.18,5.63,0.68,28.56,0.39,0.77,,,0.31,,26.9,77.21,0.5,125.11,0.0,0.0,118.07,752.28,0.27
2024-01-23,38.12,72.05,5.0,12.63,10.78,3.13,5.63,0.68,28.56,0.39,0.77,,,0.31,,26.98,78.57,0.71,138.08,0.0,0.0,115.79,756.37,0.27
2024-01-24,40.87,77.69,5.31,13.71,11.6,3.6,5.63,0.95,28.56,0.39,0.77,,,0.31,,27.22,75.47,0.89,157.15,0.0,0.0,121.44,760.63,0.28
2024-01-25,,,5.12,12.45,10.79,2.72,5.63,1.17,28.56,0.39,0.77,,,0.31,,27.26,78.23,0.59,103.4,0.0,0.0,129.17,760.58,0.28
2024-01-26,,,5.0,12.44,10.68,2.76,5.63,1.74,28.56,0.39,0.77,,,0.31,,26.92,81.34,0.85,79.27,0.0,0.0,136.66,764.52,0.28
2024-01-27,,,5.0,13.21,11.09,2.81,5.63,1.64,28.56,0.39,0.77,,,0.31,,26.69,80.52,0.73,57.39,0.0,0.0,121.22,761.84,0.28
2024-01-28,,,5.0,11.75,10.32,2.52,5.63,1.78,28.56,0.39,0.77,,,0.31,,26.6,80.1,0.72,69.33,0.0,0.0,125.33,761.22,0.28
2024-01-29,52.97,102.5,5.0,12.72,10.83,2.59,5.63,2.09,28.56,0.39,0.77,,,0.31,,25.1,87.88,0.72,40.2,0.0,0.0,101.84,756.85,0.28
2024-01-30,,,,,,,,,,,,,,,,,,,,,0.0,,,
2024-01-31,37.16,70.09,5.04,12.43,10.71,3.49,5.63,2.37,28.56,0.39,0.77,,,0.31,,27.83,68.94,0.6,119.21,0.0,0.0,215.63,754.86,0.27
2024-02-01,37.54,70.86,5.0,12.98,10.97,3.29,5.18,1.25,28.56,0.46,0.88,,,0.35,,26.33,83.93,0.67,92.52,0.0,0.0,166.29,751.13,0.27
2024-02-02,32.45,60.43,5.0,12.16,10.53,3.22,6.13,1.05,28.56,0.44,0.92,,,0.25,,28.46,73.86,0.72,120.4,0.0,0.0,174.33,753.09,0.27
2024-02-03,37.93,71.66,5.08,12.81,10.94,2.97,5.8,0.99,28.56,0.44,0.92,,,0.25,,27.56,79.41,0.46,101.55,0.0,0.0,130.75,747.46,0.27
2024-02-04,40.84,77.63,5.36,13.64,11.62,2.9,4.57,0.12,28.56,0.44,0.92,,,0.25,,26.16,89.6,0.37,84.11,0.0,0.0,104.68,744.71,0.27
2024-02-05,39.28,74.42,5.0,12.16,10.54,3.07,8.38,0.79,26.0,0.41,0.83,,,0.27,,28.28,74.49,0.67,160.25,0.0,0.0,194.45,752.47,0.27
2024-02-06,39.43,74.73,5.02,13.37,11.19,2.97,6.45,0.8,24.95,0.4,0.8,,,0.28,,27.62,80.52,0.62,135.68,0.0,0.0,152.19,751.1,0.27
2024-02-07,45.46,87.1,5.08,13.81,11.48,2.87,4.71,0.59,24.95,0.4,0.8,,,0.28,,27.16,84.43,0.48,158.2,0.0,0.0,153.35,748.06,0.27
2024-02-08,40.21,76.33,5.0,12.46,10.69,3.07,7.63,0.7,24.95,0.4,0.8,,,0.28,,29.58,64.73,0.74,167.1,0.0,0.0,371.64,756.12,0.27
2024-02-09,40.4,76.73,5.24,13.05,11.2,2.81,4.96,0.57,24.95,0.4,0.8,,,0.28,,27.67,81.46,0.61,77.46,0.0,0.0,149.1,750.25,0.27
2024-02-10,41.47,78.92,5.0,11.89,10.39,3.03,4.42,0.45,24.95,0.4,0.8,,,0.28,,27.63,82.8,0.64,99.62,0.0,0.0,128.95,751.05,0.27
2024-02-11,44.6,85.34,5.0,12.67,10.8,2.94,6.7,0.7,24.95,0.4,0.8,,,0.28,,26.75,81.8,0.64,76.67,0.0,0.0,139.7,749.98,0.27
2024-02-12,40.44,76.8,5.0,12.63,10.78,2.95,7.18,0.97,24.95,0.4,0.8,,,0.28,,27.32,72.84,0.83,97.24,0.0,0.0,228.64,756.11,0.27
2024-02-13,40.06,76.02,5.0,12.51,10.72,2.87,6.33,0.79,24.95,0.4,0.8,,,0.28,,26.86,78.89,0.73,76.8,0.0,0.0,157.68,752.28,0.27
2024-02-14,40.16,76.23,5.0,12.5,10.71,2.87,6.29,0.98,24.95,0.4,0.8,,,0.28,,27.13,75.18,0.87,67.78,0.0,0.0,200.84,755.52,0.27
2024-02-15,44.18,84.48,5.07,14.86,12.03,2.43,4.96,0.54,24.95,0.4,0.8,,,0.28,,26.93,70.99,0.45,107.76,0.0,0.0,50.44,751.75,0.27
2024-02-16,42.4,80.81,5.04,13.45,11.25,2.4,8.06,0.98,24.95,0.27,0.85,,,0.27,,27.42,68.01,0.52,95.89,0.0,0.0,216.16,753.14,0.27
2024-02-17,41.12,78.2,5.8,14.09,12.21,2.33,7.25,1.12,24.95,0.32,0.85,,,0.32,,27.14,68.89,0.53,105.26,0.0,0.0,199.29,754.69,0.27
2024-02-18,35.43,66.53,5.25,12.81,11.09,2.78,8.65,1.17,24.95,0.37,0.84,,,0.35,,27.89,74.1,0.75,132.62,0.0,0.0,262.03,759.3,0.27
2024-02-19,36.99,69.74,5.19,12.53,10.89,2.83,5.64,1.39,24.95,0.37,0.84,,,0.35,,29.46,58.69,1.36,194.54,0.0,0.0,313.87,771.25,0.28
2024-02-20,43.14,82.34,5.26,13.73,11.58,3.03,6.02,0.84,24.95,0.37,0.84,,,0.35,,29.04,72.3,1.03,149.95,0.0,0.0,403.96,768.93,0.28
2024-02-21,42.9,81.85,5.03,12.22,10.59,2.34,4.63,0.52,24.95,0.37,0.84,,,0.35,,28.64,63.33,0.79,188.24,0.0,0.0,93.8,759.7,0.28
2024-02-22,39.49,74.86,5.0,11.09,9.97,1.87,4.41,0.45,24.95,0.37,0.84,,,0.35,,28.16,80.71,0.87,132.28,0.0,0.0,177.18,761.23,0.28
2024-02-23,37.52,70.82,5.13,12.85,11.01,3.19,4.83,0.76,24.95,0.37,0.84,,,0.35,,28.69,80.52,0.81,126.57,0.0,0.0,146.95,760.23,0.28
2024-02-24,36.83,69.41,5.02,13.32,11.17,2.86,4.57,1.11,24.95,0.37,0.84,,,0.35,,28.57,79.04,0.92,126.46,0.0,0.0,150.02,762.29,0.28
2024-02-25,36.5,68.73,5.04,13.18,11.11,2.77,5.89,0.97,24.95,0.37,0.84,,,0.35,,28.17,75.96,0.81,99.89,0.0,0.0,181.91,760.24,0.28
2024-02-26,38.19,72.2,5.01,13.05,11.01,2.74,6.95,0.97,24.95,0.37,0.84,,,0.35,,27.85,75.36,0.84,87.27,0.0,0.0,174.22,760.46,0.28
2024-02-27,38.91,73.67,5.0,12.17,10.54,2.38,8.5,0.97,24.95,0.37,0.84,,,0.35,,27.7,76.03,0.89,75.7,0.0,0.0,186.48,761.52,0.28
2024-02-28,40.43,76.79,5.07,13.92,11.53,2.48,6.45,0.97,24.95,0.37,0.84,,,0.35,,27.72,76.49,0.69,76.73,0.0,0.0,194.88,756.65,0.27
2024-02-29,42.92,81.89,5.37,14.16,11.9,2.36,5.85,0.97,24.95,0.37,0.84,,,0.35,,28.46,73.94,0.6,125.1,0.0,0.0,183.46,755.68,0.27
2024-03-01,40.44,76.8,5.33,13.19,11.35,2.45,4.77,0.97,24.95,0.37,0.84,,,0.35,,28.64,75.73,0.82,144.24,0.0,0.0,178.68,759.78,0.27
2024-03-02,46.79,89.82,5.31,13.46,11.48,2.45,7.64,0.97,24.95,0.37,0.84,,,0.35,,28.45,73.7,0.79,154.86,0.0,0.0,184.42,759.61,0.27
2024-03-03,39.89,75.69,5.04,12.93,10.97,2.56,8.42,0.97,24.95,0.37,0.84,,,0.35,,29.18,75.14,0.86,168.24,0.0,0.0,180.7,760.03,0.27
2024-03-04,39.34,74.54,5.02,12.26,10.6,2.43,7.8,0.97,24.95,0.37,0.84,,,0.35,,30.19,74.33,0.85,177.95,0.0,0.0,178.09,760.45,0.27
2024-03-05,43.02,82.09,5.1,13.33,11.23,2.52,7.9,0.97,24.95,0.37,0.84,,,0.35,,30.19,75.71,0.67,128.32,0.0,0.0,178.01,757.04,0.27
2024-03-06,36.92,69.59,5.01,13.16,11.08,2.5,7.22,0.85,27.91,0.28,0.89,,,0.25,,31.84,64.38,0.7,178.57,0.0,0.0,267.44,761.33,0.28
2024-03-07,41.9,79.79,5.04,13.81,11.44,3.05,8.08,0.95,32.39,0.3,0.95,,,0.25,,32.04,54.98,0.81,130.48,0.0,0.0,213.83,759.35,0.27
2024-03-08,40.7,77.33,5.03,12.23,10.59,2.93,7.05,0.95,32.67,0.3,0.95,,,0.25,,31.15,69.94,0.73,158.85,0.0,0.0,176.03,754.67,0.27
2024-03-09,41.61,79.21,5.0,11.92,10.41,2.93,6.61,0.99,32.67,0.3,0.95,,,0.25,,31.11,76.17,0.76,128.32,0.0,0.0,164.46,755.8,0.27
2024-03-10,39.62,75.13,5.0,11.75,10.32,3.06,5.29,0.89,32.67,0.3,0.95,,,0.25,,31.05,73.0,0.75,142.39,0.0,0.0,165.28,754.91,0.27
2024-03-11,43.81,83.7,5.0,12.21,10.56,3.05,4.53,0.75,32.67,0.3,0.95,,,0.25,,30.97,73.66,0.8,159.59,0.0,0.0,165.01,756.01,0.27
2024-03-12,42.13,80.27,5.01,12.02,10.46,2.92,8.11,0.99,32.67,0.3,0.95,,,0.25,,30.88,74.82,0.94,168.43,0.0,0.0,162.36,757.35,0.27
2024-03-13,44.0,84.11,5.16,13.83,11.55,3.03,6.41,0.54,32.68,0.3,0.95,,,0.25,,31.07,76.63,0.85,157.67,0.0,0.0,156.06,756.33,0.27
2024-03-14,44.64,85.42,5.16,12.74,10.97,2.89,5.08,0.46,32.67,0.3,0.95,,,0.25,,31.46,74.04,0.57,132.79,0.0,0.0,204.54,751.06,0.27
2024-03-15,36.23,68.17,5.07,13.46,11.28,3.06,4.6,0.72,32.67,0.3,0.95,,,0.25,,31.7,66.69,0.93,164.32,0.0,0.0,192.97,758.96,0.27
2024-03-16,35.46,66.6,5.0,11.8,10.34,2.76,5.27,0.82,32.67,0.3,0.95,,,0.25,,30.98,69.54,0.77,127.22,0.0,0.0,154.66,754.94,0.27
2024-03-17,33.78,63.15,5.01,11.96,10.44,2.89,5.2,0.74,32.67,0.3,0.95,,,0.25,,31.04,68.7,0.72,137.11,0.0,0.0,170.8,754.35,0.27
2024-03-18,32.14,59.79,5.0,11.99,10.44,2.79,7.3,0.9,32.67,0.3,0.95,,,0.25,,30.91,67.18,0.67,147.58,0.0,0.0,146.25,752.94,0.27
2024-03-19,36.8,69.34,5.0,11.72,10.3,2.83,6.9,0.98,30.16,0.33,0.91,,,0.22,,31.1,68.08,0.62,147.96,0.0,0.0,150.47,752.04,0.27
2024-03-20,40.65,77.24,5.0,11.65,10.27,2.78,6.81,0.72,27.67,0.35,0.87,,,0.2,,29.43,74.95,1.0,72.33,0.0,0.0,112.47,758.67,0.27
2024-03-21,35.99,67.68,5.0,11.88,10.39,2.82,8.57,0.74,27.67,0.35,0.87,,,0.2,,31.53,60.34,0.98,149.58,0.0,0.0,200.08,760.06,0.27
2024-03-22,36.14,67.98,5.0,12.04,10.47,2.77,8.11,0.8,27.67,0.35,0.87,,,0.2,,31.03,67.35,0.77,153.12,0.0,0.0,166.51,755.28,0.27
2024-03-23,36.67,69.06,5.0,11.66,10.27,2.73,5.07,0.69,27.67,0.35,0.87,,,0.2,,31.13,70.18,0.87,155.16,0.0,0.0,160.75,757.18,0.27
2024-03-24,36.49,68.71,5.0,11.53,10.2,2.71,4.39,0.45,27.67,0.35,0.87,,,0.2,,31.35,67.63,0.87,174.34,0.0,0.0,160.35,756.81,0.27
2024-03-25,38.29,72.39,5.0,12.61,10.78,2.92,4.75,0.64,27.67,0.35,0.87,,,0.2,,31.26,67.58,0.78,154.19,0.0,0.0,130.22,756.66,0.27
2024-03-26,35.17,66.01,5.01,13.15,11.06,3.14,4.39,0.45,27.67,0.35,0.87,,,0.2,,31.09,65.14,0.74,176.32,0.0,0.0,157.55,755.03,0.27
2024-03-27,35.32,66.3,5.0,12.26,10.59,3.16,4.68,0.76,27.67,0.35,0.87,,,0.2,,31.18,66.39,0.89,158.03,0.0,0.0,161.96,756.89,0.27
2024-03-28,33.16,61.89,5.0,11.85,10.37,3.0,6.3,0.86,27.67,0.31,0.93,,,0.26,,31.57,68.64,0.9,181.86,0.0,0.0,158.51,757.79,0.27
2024-03-29,34.83,65.31,5.0,11.97,10.43,3.09,6.61,0.67,27.67,0.27,1.0,,,0.32,,31.46,70.97,0.96,196.13,0.0,0.0,110.09,758.46,0.27
2024-03-30,32.8,61.14,5.11,12.06,10.58,3.2,5.73,0.45,27.67,0.27,1.0,,,0.32,,31.57,72.88,0.73,149.87,0.0,0.0,164.7,754.01,0.27
2024-03-31,31.33,58.13,5.03,12.49,10.73,3.26,7.15,0.79,27.67,0.27,1.0,,,0.32,,32.4,58.57,1.0,178.9,0.0,0.0,192.85,760.6,0.27
2024-04-01,32.93,61.41,5.0,12.12,10.51,3.33,7.3,0.79,27.67,0.27,1.0,,,0.32,,31.79,69.36,0.93,197.83,0.0,0.0,154.97,758.18,0.27
2024-04-02,32.83,61.21,5.2,13.02,11.16,3.56,6.44,0.6,27.67,0.27,1.0,,,0.32,,31.84,71.52,0.84,168.0,0.0,0.0,113.36,757.6,0.27
2024-04-03,39.71,75.31,5.05,12.54,10.78,3.32,6.23,0.51,28.52,0.34,0.87,,,0.36,,31.36,76.01,0.74,165.74,0.0,0.0,129.14,751.64,0.27
2024-04-04,31.8,59.09,5.0,11.78,10.33,2.76,8.84,1.05,28.49,0.37,0.8,,,0.38,,33.26,61.71,1.0,182.21,0.0,0.0,199.22,758.56,0.27
2024-04-05,30.84,57.12,5.0,11.61,10.1,3.08,6.14,0.46,28.49,0.37,0.8,,,0.38,,32.92,69.93,0.93,199.76,0.0,0.0,196.44,757.05,0.27
2024-04-06,34.95,65.55,5.0,11.9,10.4,2.9,11.37,0.9,28.49,0.37,0.8,,,0.38,,34.06,52.8,1.0,199.96,0.0,0.0,204.59,759.81,0.27
2024-04-07,39.17,74.2,5.0,12.03,10.46,2.77,15.63,0.68,28.49,0.37,0.8,,,0.38,,34.77,44.67,1.01,155.01,0.0,0.0,234.29,761.39,0.27
2024-04-08,35.55,66.78,5.0,11.56,10.21,2.83,10.99,0.64,28.49,0.37,0.8,,,0.38,,32.55,66.69,0.89,96.84,0.0,0.0,157.43,755.84,0.27
2024-04-09,34.8,65.25,5.0,11.34,10.1,2.93,6.27,0.52,28.49,0.37,0.8,,,0.38,,32.24,62.83,0.64,93.06,0.0,0.0,135.99,750.44,0.27
2024-04-10,38.89,73.63,5.0,12.15,10.53,3.03,6.04,0.71,33.0,0.35,0.86,,,0.3,,34.45,48.79,0.67,157.76,0.0,0.0,118.23,758.12,0.27
2024-04-11,42.78,81.6,5.18,13.59,11.44,3.37,7.65,0.46,33.81,0.34,0.87,,,0.29,,30.33,88.11,0.23,88.79,0.0,0.0,0.66,743.92,0.27
2024-04-12,,,,,,,,,,,,,,,,,,,,,0.0,,,
2024-04-13,,,,,,,,,,,,,,,,,,,,,0.0,,,
2024-04-14,,,,,,,,,,,,,,,,,,,,,0.0,,,
2024-04-15,,,,,,,,,,,,,,,,,,,,,0.0,,,
2024-04-16,,,,,,,,,,,,,,,,,,,,,0.0,,,
2024-04-17,,,,,,,,,,,,,,,,,,,,,0.0,,,
2024-04-18,,,,,,,,,,,,,,,,,,,,,0.0,,,
2024-04-19,,,,,,,,,,,,,,,,,,,,,0.0,,,
2024-04-20,,,,,,,,,,,,,,,,,,,,,0.0,,,
2024-04-21,,,,,,,,,,,,,,,,,,,,,0.0,,,
2024-04-22,,,,,,,,,,,,,,,,,,,,,0.0,,,
2024-04-23,37.69,71.16,5.0,11.99,10.44,3.5,9.31,1.06,33.81,1.76,2.45,,,1.99,,36.51,55.81,0.45,192.51,0.0,0.0,55.29,761.91,0.27
2024-04-24,37.34,70.45,5.0,11.88,10.38,3.36,8.4,0.82,33.81,0.46,1.12,,,0.53,,37.44,42.59,0.36,195.35,0.0,0.0,144.2,756.63,0.27
2024-04-25,32.99,61.54,5.01,12.62,10.78,3.37,7.97,0.7,35.13,0.45,1.47,,,0.54,,35.39,66.49,0.34,172.47,0.0,0.0,107.5,752.27,0.27
2024-04-26,70.84,114.03,5.0,11.27,10.06,3.38,9.06,0.68,37.86,0.35,1.74,,,0.62,,36.42,58.7,0.44,187.12,0.0,0.0,138.25,766.28,0.28
2024-04-27,39.39,74.66,5.0,11.0,9.92,2.42,10.01,0.82,37.81,0.17,1.08,,,0.76,,36.95,56.01,0.54,192.06,0.0,0.0,153.13,774.49,0.28
2024-04-28,33.21,61.99,5.0,11.0,9.92,2.44,8.21,0.76,37.81,0.19,1.06,,,0.74,,32.84,86.1,0.43,129.05,0.0,0.0,12.34,759.03,0.28
2024-04-29,30.15,55.72,5.07,11.22,10.09,3.32,3.96,0.45,34.78,0.67,1.28,,,0.35,,37.99,39.39,0.75,191.32,0.0,0.0,147.66,779.31,0.28
2024-04-30,29.05,53.46,18.53,21.57,26.54,10.93,2.33,0.52,29.95,0.47,1.1,,,0.3,,37.09,51.07,0.78,195.59,0.0,0.0,200.15,776.12,0.28
2024-05-01,34.18,63.97,100.49,74.08,121.1,87.74,6.6,0.76,27.81,0.15,0.45,,,0.15,,36.29,64.08,0.45,168.72,0.0,0.0,113.49,757.27,0.27
2024-05-02,33.77,63.1,10.43,25.38,21.98,59.57,4.75,0.76,27.82,0.15,0.45,,,0.15,,36.44,66.03,0.58,169.91,0.0,0.0,118.5,763.18,0.28
2024-05-03,34.49,64.61,6.36,16.42,13.9,39.27,8.47,0.76,27.81,0.15,0.45,,,0.15,,36.77,65.72,0.5,159.87,0.0,0.0,125.39,767.68,0.28
2024-05-04,33.74,63.06,59.86,69.44,85.6,,8.2,0.75,28.15,0.16,0.44,,,0.14,,35.67,71.07,0.49,175.86,0.0,0.0,108.74,766.64,0.28
2024-05-05,35.82,67.33,53.11,60.5,75.36,,4.54,0.76,28.81,0.16,0.52,,,0.13,,36.46,65.52,0.54,181.61,0.0,0.0,128.59,770.06,0.28
2024-05-06,36.26,68.24,55.32,53.84,73.61,,2.03,0.79,28.81,0.17,0.67,,,0.13,,36.31,67.47,0.61,173.63,0.0,0.0,133.29,769.47,0.28
2024-05-07,35.66,67.01,46.62,49.3,64.13,3.52,5.12,0.8,28.81,0.24,0.82,,,0.15,,34.48,69.65,1.04,129.59,0.0,0.0,107.83,770.64,0.28
2024-05-08,33.94,63.49,43.11,44.83,58.89,3.98,7.08,0.79,28.81,0.29,0.95,,,0.15,,34.4,59.61,0.43,168.16,0.0,0.0,118.6,763.37,0.28
2024-05-09,31.79,59.08,40.2,42.23,55.14,4.3,4.56,0.78,28.81,0.34,0.95,,,0.13,,34.49,70.43,0.45,131.83,0.0,0.0,106.11,759.69,0.28
2024-05-10,30.86,57.16,39.76,40.9,54.08,4.3,5.68,0.78,28.81,0.34,0.95,,,0.13,,33.49,79.69,0.5,111.53,0.01,0.01,82.16,759.83,0.28
2024-05-11,33.0,61.55,39.94,39.56,53.51,4.3,8.67,0.78,28.81,0.34,0.95,,,0.13,,34.91,71.39,0.44,145.72,0.0,0.0,142.08,761.77,0.28
2024-05-12,31.41,58.29,38.14,37.74,51.08,4.3,1.57,0.78,28.81,0.34,0.95,,,0.13,,34.45,76.55,0.4,124.51,0.0,0.0,115.96,757.31,0.28
2024-05-13,33.43,62.43,35.33,36.3,48.03,4.3,2.09,0.78,28.81,0.34,0.95,,,0.13,,34.7,61.91,0.62,112.62,0.0,0.0,156.68,762.3,0.28
2024-05-14,34.09,63.79,35.91,35.32,47.98,4.3,4.53,0.78,28.81,0.34,0.95,,,0.13,,33.91,74.29,0.4,117.19,0.0,0.0,112.41,756.89,0.28
2024-05-15,39.54,74.96,33.07,34.16,45.06,4.3,4.55,0.78,28.81,0.34,0.95,,,0.13,,34.98,64.51,0.67,79.4,0.0,0.0,175.7,761.36,0.28
2024-05-16,29.68,54.75,30.32,29.66,40.43,4.86,6.08,0.76,28.81,0.36,0.97,,,0.15,,34.19,74.07,0.67,130.54,0.0,0.0,151.38,758.72,0.27
2024-05-17,26.9,49.04,18.86,18.88,25.37,5.93,1.5,0.77,28.81,0.34,0.95,,,0.14,,32.75,83.43,0.57,74.4,0.02,0.02,85.89,747.63,0.27
2024-05-18,28.21,51.73,17.81,18.45,24.29,5.93,3.88,0.79,28.81,0.31,0.92,,,0.13,,33.25,82.48,0.41,96.5,0.06,0.05,121.56,745.2,0.27
2024-05-19,29.1,53.55,17.76,17.54,23.77,5.93,3.73,0.79,28.81,0.31,0.92,,,0.13,,34.1,74.2,0.76,96.52,0.0,0.0,201.39,754.7,0.27
2024-05-20,29.43,54.24,16.52,17.09,22.52,5.93,3.68,0.79,28.81,0.31,0.92,,,0.13,,34.15,76.26,0.57,111.57,0.0,0.0,146.28,750.2,0.27
2024-05-21,28.58,52.49,15.77,16.69,21.7,5.93,5.41,0.79,28.81,0.31,0.92,,,0.13,,35.43,70.37,0.49,107.24,0.0,0.0,175.84,749.01,0.27
2024-05-22,29.69,54.76,15.89,16.5,21.7,5.93,5.86,0.75,29.97,0.29,0.94,,,0.13,,35.6,68.87,0.76,81.28,0.0,0.0,189.44,752.47,0.27
2024-05-23,27.5,50.27,16.27,16.65,22.09,5.93,5.45,0.66,32.81,0.25,0.98,,,0.14,,35.05,71.64,0.42,120.79,0.0,0.0,215.35,745.11,0.27
2024-05-24,36.76,69.26,16.79,16.93,22.65,5.93,6.11,0.66,32.81,0.25,0.98,,,0.14,,36.76,59.15,0.48,140.06,0.0,0.0,247.2,751.7,0.27
2024-05-25,38.71,73.26,11.95,15.08,17.73,13.89,7.36,0.66,32.81,0.25,0.98,,,0.14,,32.34,87.17,0.66,108.4,0.21,0.21,16.52,747.82,0.27
2024-05-26,40.92,77.79,2.5,6.93,5.72,27.75,6.03,0.66,32.81,0.25,0.98,,,0.14,,35.65,69.67,0.26,205.41,0.0,0.0,176.96,746.04,0.27
2024-05-27,39.28,74.43,3.88,16.23,11.79,25.46,4.75,0.71,32.82,0.25,0.98,,,0.14,,36.4,51.85,0.26,198.19,0.0,0.0,125.63,749.07,0.27
2024-05-28,38.79,74.92,5.0,15.21,12.15,23.12,5.81,0.77,37.17,0.24,0.94,,,0.15,,37.97,47.5,0.3,188.45,0.0,0.0,321.87,752.37,0.27
2024-05-29,36.03,70.37,5.0,23.09,16.34,24.12,5.58,0.78,39.81,0.23,0.91,,,0.16,,40.25,34.46,0.25,115.35,0.0,0.0,454.99,752.52,0.27
2024-05-30,46.98,91.72,5.0,12.36,10.64,20.25,5.7,0.78,39.85,0.23,0.91,,,0.16,,40.94,35.31,0.29,155.33,0.0,0.0,400.79,751.86,0.27
2024-05-31,41.65,81.33,5.0,12.41,10.67,19.23,6.01,0.81,39.84,0.19,0.89,,,0.14,,39.71,44.27,0.7,106.88,0.0,0.0,322.87,755.83,0.27
2024-06-01,37.08,72.41,5.16,18.37,13.97,19.54,5.62,0.82,39.81,0.18,0.89,,,0.14,,36.24,69.37,0.49,153.31,0.0,0.0,109.91,751.95,0.27
2024-06-02,39.21,76.56,5.0,12.24,10.58,16.54,6.65,0.73,39.81,0.18,0.89,,,0.14,,35.84,66.99,0.57,135.22,0.0,0.0,95.36,752.29,0.27
2024-06-03,32.63,63.74,5.0,13.27,11.12,14.52,6.63,0.71,39.81,0.18,0.89,,,0.14,,34.94,64.04,0.58,128.88,0.0,0.0,272.86,754.22,0.27
2024-06-04,27.96,54.63,5.0,12.31,10.62,13.51,5.73,0.71,39.81,0.18,0.89,,,0.14,,37.48,56.1,0.46,187.38,0.0,0.0,335.85,756.94,0.27
2024-06-05,29.3,57.24,5.07,12.19,10.6,12.4,6.21,0.71,39.81,0.18,0.89,,,0.14,,36.63,55.64,0.76,161.01,0.0,0.0,213.06,759.3,0.27
2024-06-06,29.31,57.27,5.0,11.15,10.0,10.12,7.73,0.71,39.81,0.18,0.89,,,0.14,,33.98,73.56,0.4,167.99,0.0,0.0,154.06,749.81,0.27
2024-06-07,29.48,57.6,5.0,13.17,11.07,9.88,5.77,0.71,39.81,0.18,0.89,,,0.14,,33.58,78.0,0.44,162.73,0.0,0.0,105.93,748.47,0.27
2024-06-08,25.23,49.3,5.0,11.97,10.43,9.23,5.51,0.71,39.81,0.18,0.89,,,0.14,,33.97,70.51,0.51,194.73,0.0,0.0,166.86,752.47,0.27
2024-06-09,24.71,48.29,,,,,5.81,0.71,39.81,0.18,0.89,,,0.14,,34.18,66.97,0.51,198.35,0.0,0.0,143.3,755.14,0.27
2024-06-10,26.46,51.71,,,,,5.98,0.71,39.81,0.18,0.89,,,0.14,,33.51,78.38,0.34,186.97,0.0,0.0,88.66,746.24,0.27
2024-06-11,27.49,53.71,,,,,5.71,0.71,39.81,0.18,0.89,,,0.14,,34.8,67.12,0.34,182.43,0.0,0.0,172.84,750.51,0.27
2024-06-12,30.68,59.94,,,,,6.5,0.71,39.81,0.18,0.89,,,0.14,,35.8,58.79,0.3,168.45,0.0,0.0,205.73,750.36,0.27
2024-06-13,30.07,58.75,,,,,6.61,0.71,39.81,0.18,0.89,,,0.14,,34.89,66.1,0.3,169.43,0.0,0.0,221.99,749.52,0.27
2024-06-14,28.5,55.68,,,,,6.5,0.71,39.81,0.18,0.89,,,0.14,,35.63,62.35,0.29,144.99,0.0,0.0,225.48,746.78,0.27
2024-06-15,30.18,58.95,,,,,7.68,0.71,39.82,0.18,0.89,,,0.14,,36.47,54.42,0.25,167.84,0.0,0.0,214.44,748.67,0.27
2024-06-16,31.44,61.42,,,,,5.73,0.71,39.81,0.18,0.89,,,0.14,,33.88,69.56,0.42,155.68,0.0,0.0,33.79,746.65,0.27
2024-06-17,33.74,65.9,,,,,6.85,0.71,39.82,0.18,0.89,,,0.14,,35.99,60.86,0.33,172.06,0.0,0.0,150.36,747.18,0.27
2024-06-18,32.77,64.01,,,,,5.7,0.71,39.81,0.18,0.89,,,0.14,,35.52,66.14,0.49,184.65,0.0,0.0,222.82,751.59,0.27
2024-06-19,31.22,60.99,,,,,6.52,0.71,39.81,0.18,0.89,,,0.14,,34.95,68.28,0.34,148.88,0.0,0.0,124.22,743.79,0.27
2024-06-20,33.52,65.47,,,,,6.49,0.71,39.81,0.18,0.89,,,0.14,,35.64,63.31,0.41,137.69,0.0,0.0,215.64,748.33,0.27
2024-06-21,32.7,63.88,,,,,5.84,0.71,39.81,0.18,0.89,,,0.14,,36.05,57.27,0.33,152.68,0.0,0.0,167.81,745.76,0.27
2024-06-22,42.48,82.94,,,,,7.53,0.71,39.81,0.18,0.89,,,0.14,,34.4,68.43,0.49,88.4,0.0,0.0,152.16,744.52,0.27
2024-06-23,29.26,57.17,,,,,6.69,0.71,39.81,0.18,0.89,,,0.14,,33.43,78.67,0.64,85.13,0.0,0.0,117.18,744.58,0.27
2024-06-24,28.81,56.28,,,,,6.68,0.71,39.81,0.18,0.89,,,0.14,,34.89,71.71,0.36,116.28,0.0,0.0,240.1,739.08,0.26
2024-06-25,28.81,56.29,,,,,5.93,0.71,39.82,0.18,0.89,,,0.14,,35.63,64.08,0.31,145.37,0.0,0.0,197.31,742.76,0.27
2024-06-26,29.24,57.13,,,,,6.35,0.71,39.81,0.18,0.89,,,0.14,,34.91,66.03,0.44,186.4,0.0,0.0,116.12,746.8,0.27
2024-06-27,26.26,51.31,,,,,6.84,0.71,39.81,0.18,0.89,,,0.14,,32.27,88.01,0.34,200.28,0.0,0.0,49.33,743.58,0.27
2024-06-28,27.97,54.64,,,,,5.47,0.71,39.81,0.18,0.89,,,0.14,,32.35,86.0,0.27,174.63,0.0,0.0,27.0,739.17,0.27
2024-06-29,31.07,60.7,,,,,6.22,0.71,39.81,0.18,0.89,,,0.14,,34.61,72.62,0.36,158.17,0.0,0.0,132.74,739.17,0.27
2024-06-30,25.9,50.62,,,,,7.59,0.71,39.81,0.18,0.89,,,0.14,,31.55,96.46,0.25,180.69,1.81,1.81,31.52,733.82,0.26
2024-07-01,26.95,52.66,,,,,5.62,0.71,39.81,0.18,0.89,,,0.14,,32.88,86.84,0.45,198.48,0.68,0.68,87.11,744.03,0.27
2024-07-02,28.83,56.32,,,,,5.79,0.71,39.81,0.18,0.89,,,0.14,,34.54,67.46,0.43,199.83,0.0,0.0,210.45,747.44,0.27
2024-07-03,29.3,57.25,,,,,5.92,0.71,39.81,0.18,0.89,,,0.14,,34.73,66.23,0.37,193.18,0.0,0.0,178.16,746.39,0.27
2024-07-04,29.33,57.29,,,,,6.37,0.71,39.81,0.18,0.89,,,0.14,,35.16,66.08,0.46,166.35,0.0,0.0,205.33,749.59,0.27
2024-07-05,28.35,55.38,,,,,7.6,0.71,39.81,0.18,0.89,,,0.14,,34.45,69.73,0.57,143.25,0.0,0.0,170.28,749.67,0.27
2024-07-06,26.84,52.44,,,,,6.54,0.71,39.81,0.18,0.89,,,0.14,,33.15,78.97,0.52,194.24,0.0,0.0,93.38,749.8,0.27
2024-07-07,31.48,61.49,,,,,6.2,0.71,39.81,0.18,0.89,,,0.14,,33.37,79.44,0.33,131.38,0.0,0.0,68.3,739.36,0.27
2024-07-08,28.18,55.06,,,,,6.43,0.71,39.81,0.18,0.89,,,0.14,,34.17,67.4,0.31,152.9,0.0,0.0,114.11,742.23,0.27
2024-07-09,26.97,52.7,,,,,6.08,0.71,39.81,0.18,0.89,,,0.14,,32.82,81.84,0.51,192.51,0.0,0.0,79.28,747.92,0.27
2024-07-10,29.41,57.45,,,,,7.55,0.71,39.82,0.18,0.89,,,0.14,,34.45,72.55,0.46,107.5,0.0,0.0,226.66,743.23,0.27
2024-07-11,33.17,64.78,,,,,6.21,0.71,39.83,0.18,0.89,,,0.14,,35.08,67.08,0.53,144.16,0.0,0.0,210.59,750.61,0.27
2024-07-12,30.76,60.09,,,,,5.96,0.71,39.81,0.18,0.89,,,0.14,,33.39,82.13,0.4,136.82,0.0,0.0,76.07,740.29,0.27
2024-07-13,26.39,51.56,,,,,5.45,0.71,39.81,0.18,0.89,,,0.14,,31.97,90.75,0.45,205.25,0.0,0.0,56.67,745.18,0.27
2024-07-14,26.27,51.33,,,,,5.66,0.71,39.81,0.18,0.89,,,0.14,,31.95,85.48,0.44,201.2,0.0,0.0,46.78,744.57,0.27
2024-07-15,24.43,47.73,,,,,6.2,0.71,39.81,0.18,0.89,,,0.14,,31.85,87.13,0.38,186.99,0.87,0.3,74.23,744.71,0.27
2024-07-16,24.69,48.26,,,,,5.51,0.71,39.81,0.18,0.89,,,0.14,,34.97,67.76,0.53,208.7,0.0,0.0,352.67,760.59,0.27
2024-07-17,23.23,45.41,,,,,6.43,0.65,30.76,0.31,0.92,,,0.25,,36.22,56.37,0.22,140.86,0.0,0.0,388.1,751.06,0.27
2024-07-18,26.76,52.29,,,,,5.66,0.65,30.75,0.31,0.92,,,0.25,,32.24,89.64,0.28,184.88,0.12,0.07,40.05,743.85,0.27
2024-07-19,22.72,40.12,,,,,5.92,0.65,30.53,0.33,0.86,,,0.24,,29.64,93.8,0.44,205.79,0.69,0.69,39.99,746.77,0.3
2024-07-20,20.94,34.46,15.0,22.6,20.8,14.6,6.2,0.56,29.96,0.53,0.54,,,0.24,,28.52,87.09,0.47,204.38,1.4,1.4,55.32,741.84,0.41
2024-07-21,24.23,38.53,15.0,22.6,20.8,14.6,6.42,0.35,28.4,0.51,0.42,,,0.3,,28.91,83.49,0.41,202.67,0.04,0.04,46.69,742.25,0.3
2024-07-22,25.7,40.4,15.0,22.6,20.8,14.6,5.67,0.28,26.98,0.6,0.38,,,0.34,,29.97,77.7,0.48,203.66,0.0,0.0,99.32,747.09,0.05
2024-07-23,25.76,42.64,15.0,22.6,20.8,14.6,6.97,0.35,23.95,0.42,0.38,,,0.38,,30.74,67.42,0.44,200.83,0.0,0.0,125.68,752.71,0.07
2024-07-24,23.85,41.41,15.0,22.6,20.8,14.6,6.6,0.21,21.84,0.39,0.37,,,0.43,,30.31,70.27,0.38,200.48,0.0,0.0,40.72,749.61,0.05
2024-07-25,21.09,37.93,7.18,12.11,10.06,14.6,4.98,0.46,31.69,0.26,0.81,,,0.25,,32.26,57.61,0.5,203.56,0.0,0.0,242.39,759.69,0.1
2024-07-26,22.46,40.62,6.0,10.54,8.44,14.6,6.77,0.43,27.9,0.23,0.95,,,0.18,,32.05,56.12,0.31,184.6,0.0,0.0,153.61,758.01,0.1
2024-07-27,25.64,47.33,6.0,10.54,8.44,14.6,5.34,0.32,25.7,0.29,0.73,,,0.29,,31.16,66.26,0.37,192.68,0.0,0.0,84.47,758.34,0.25
2024-07-28,27.43,52.59,6.0,10.54,8.44,14.6,5.92,0.27,25.17,0.35,0.56,,,0.39,,31.38,67.68,0.5,158.28,0.0,0.0,154.94,760.47,0.4
2024-07-29,22.62,48.51,6.0,10.54,8.44,14.6,5.54,0.29,25.25,0.28,0.51,,,0.41,,31.54,69.92,0.34,162.09,0.0,0.0,160.54,757.69,0.45
2024-07-30,23.23,49.71,6.0,10.54,8.44,14.6,5.59,0.33,23.99,0.29,0.49,,,0.42,,31.81,72.37,0.34,137.37,0.0,0.0,155.93,755.27,0.42
2024-07-31,21.47,46.27,6.0,10.54,8.44,14.6,6.13,0.32,22.67,0.31,0.46,,,0.44,,30.91,76.03,0.3,168.28,0.0,0.0,143.53,756.19,0.39
2024-08-01,21.22,45.78,6.0,10.54,8.44,14.6,5.96,0.33,22.78,0.31,0.46,,,0.44,,31.28,72.3,0.32,178.3,0.0,0.0,110.2,756.33,0.39
2024-08-02,23.61,50.44,6.0,10.54,8.44,14.6,5.67,0.28,23.49,0.31,0.46,,,0.44,,32.05,61.94,0.44,203.51,0.0,0.0,154.14,762.9,0.4
2024-08-03,21.82,46.96,6.0,10.54,8.44,14.6,6.6,0.28,22.75,0.31,0.46,,,0.44,,31.72,63.31,0.39,198.83,0.0,0.0,143.54,760.39,0.4
2024-08-04,22.18,47.65,6.0,10.54,8.44,14.6,6.07,0.27,23.06,0.31,0.46,,,0.44,,32.39,62.32,0.35,174.56,0.0,0.0,145.84,760.07,0.4
2024-08-05,25.04,53.23,6.0,10.54,8.44,14.6,6.43,0.29,22.84,0.31,0.46,,,0.44,,32.06,64.78,0.41,157.07,0.0,0.0,115.9,759.6,0.4
2024-08-06,26.05,55.2,6.0,10.54,8.44,14.6,4.75,0.31,22.53,0.31,0.46,,,0.44,,29.54,84.81,0.32,151.84,0.11,0.1,46.64,753.55,0.39
2024-08-07,20.12,43.64,6.0,10.54,8.44,14.6,5.18,0.34,22.41,0.31,0.46,,,0.44,,28.48,93.8,0.28,173.9,0.21,0.21,66.64,750.64,0.39
2024-08-08,24.38,51.94,6.0,10.54,8.44,14.6,6.63,0.35,22.93,0.31,0.46,,,0.44,,30.19,84.0,0.28,184.67,0.0,0.0,122.21,753.69,0.39
2024-08-09,29.71,62.34,6.0,10.54,9.43,14.6,5.56,0.39,23.14,0.31,0.46,,,0.44,,31.39,76.03,0.36,153.48,0.0,0.0,130.13,755.83,0.39
2024-08-10,27.71,58.43,6.0,10.54,10.44,14.6,5.62,0.28,23.33,0.31,0.46,,,0.44,,31.11,77.48,0.45,137.53,0.0,0.0,116.92,758.08,0.4
2024-08-11,23.56,50.33,6.0,10.54,10.44,14.6,5.38,0.26,23.54,0.31,0.46,,,0.44,,31.29,79.87,0.53,121.43,0.0,0.0,131.92,758.46,0.4
2024-08-12,25.08,53.31,6.0,10.54,10.44,14.6,5.82,0.31,24.41,0.31,0.46,,,0.44,,32.09,74.42,0.54,143.91,0.0,0.0,131.15,761.62,0.4
2024-08-13,24.22,51.63,6.0,10.54,10.44,14.6,6.45,0.23,23.54,0.31,0.46,,,0.44,,31.91,71.26,0.47,185.57,0.0,0.0,124.15,761.45,0.4
2024-08-14,22.07,47.44,6.0,10.54,10.44,14.6,5.22,0.23,23.02,0.32,0.46,,,0.42,,31.79,76.59,0.39,167.34,0.0,0.0,122.23,757.98,0.39
2024-08-15,17.45,38.44,6.0,10.54,10.44,14.6,5.55,0.2,22.99,0.41,0.43,,,0.29,,32.8,66.85,0.54,176.18,0.0,0.0,139.54,765.13,0.4
2024-08-16,19.84,43.09,6.0,10.54,10.44,14.6,6.42,0.23,22.95,0.41,0.43,,,0.29,,31.55,76.96,0.51,162.39,0.0,0.0,153.11,760.25,0.4
2024-08-17,19.65,42.71,6.0,10.54,10.44,14.6,4.96,0.27,22.84,0.41,0.43,,,0.29,,31.6,78.33,0.44,132.25,0.0,0.0,127.03,756.71,0.39
2024-08-18,19.39,42.21,6.0,10.54,10.44,14.6,6.14,0.29,22.56,0.41,0.43,,,0.29,,31.99,76.08,0.42,146.87,0.0,0.0,97.75,757.44,0.39
2024-08-19,21.8,46.9,6.0,10.54,10.44,14.6,5.67,0.22,22.74,0.41,0.43,,,0.29,,31.6,78.16,0.54,156.4,0.0,0.0,123.78,759.98,0.4
2024-08-20,25.76,54.63,6.0,10.54,10.44,14.6,6.03,0.27,23.07,0.41,0.43,,,0.29,,31.28,76.05,0.57,110.33,0.0,0.0,125.28,758.79,0.39
2024-08-21,16.15,35.89,6.0,10.54,10.44,14.6,5.78,0.27,23.44,0.41,0.43,,,0.29,,31.62,74.66,0.6,169.69,0.0,0.0,122.13,759.66,0.39
2024-08-22,13.96,31.62,6.0,10.54,10.44,14.6,5.48,0.31,22.57,0.41,0.43,,,0.29,,30.18,84.19,0.51,111.33,0.0,0.0,77.08,750.03,0.39
2024-08-23,13.96,31.62,6.0,10.54,10.44,14.6,5.88,0.48,22.38,0.41,0.43,,,0.29,,29.28,92.29,0.39,95.13,0.0,0.0,49.19,743.24,0.39
2024-08-24,15.94,33.33,6.0,10.54,10.44,14.6,5.62,0.41,22.5,0.35,0.4,,,0.28,,30.69,78.14,0.36,180.28,0.0,0.0,83.21,748.29,0.4
2024-08-25,19.88,37.52,6.0,10.54,10.44,14.6,5.43,0.32,22.72,0.28,0.38,,,0.25,,31.33,67.38,0.44,195.74,0.0,0.0,135.38,754.49,0.42
2024-08-26,33.56,48.82,6.0,10.54,10.44,14.6,6.33,0.37,22.67,0.21,0.36,,,0.25,,31.73,61.97,0.38,168.45,0.0,0.0,158.33,752.97,0.42
2024-08-27,37.74,51.98,6.0,10.54,10.44,14.6,5.25,0.25,22.71,0.21,0.38,,,0.27,,32.37,58.58,0.4,148.92,0.0,0.0,151.68,753.33,0.44
2024-08-28,37.74,51.98,6.0,10.54,10.44,14.6,5.8,0.22,22.72,0.21,0.38,,,0.27,,31.99,57.21,0.29,160.17,0.0,0.0,135.46,750.55,0.44
2024-08-29,37.74,51.98,6.0,10.54,10.44,14.6,5.55,0.33,22.6,0.21,0.38,,,0.27,,31.24,66.3,0.35,121.24,0.0,0.0,100.97,749.61,0.44
2024-08-30,29.82,46.14,6.0,10.54,10.44,14.6,5.93,0.49,22.52,0.24,0.37,,,0.28,,28.25,94.53,0.32,178.54,0.28,0.28,46.91,743.85,0.42
2024-08-31,17.86,31.06,6.0,10.54,10.44,14.6,5.65,0.47,23.3,0.24,0.35,,,0.26,,27.52,96.78,0.45,202.31,0.54,0.53,14.11,748.66,0.39
2024-09-01,13.78,23.29,6.0,10.54,10.44,14.6,6.19,0.43,23.65,0.22,0.33,,,0.24,,29.06,83.33,0.56,211.06,0.54,0.54,48.35,751.52,0.39
2024-09-02,13.78,23.29,6.0,10.54,10.44,14.6,4.82,0.61,22.78,0.22,0.33,,,0.24,,28.82,84.3,0.27,196.66,0.54,0.54,72.82,742.5,0.39
2024-09-03,13.78,23.29,6.0,10.54,10.44,14.6,5.61,0.59,22.74,0.22,0.33,,,0.24,,28.5,91.31,0.34,160.42,0.25,0.25,56.89,743.3,0.39
2024-09-04,13.78,23.29,6.0,10.54,10.44,14.6,5.58,0.76,22.6,0.22,0.33,,,0.24,,29.09,88.68,0.32,181.9,0.0,0.0,48.08,742.35,0.39
2024-09-05,20.24,36.73,5.39,9.93,9.83,15.21,5.92,1.33,22.55,0.32,0.4,,,0.26,,29.52,85.03,0.22,156.07,0.0,0.0,100.66,741.82,0.39
2024-09-06,27.35,48.44,4.78,9.66,9.22,15.6,5.44,0.26,21.79,0.32,0.6,,,0.22,,30.6,76.77,0.21,139.98,0.0,0.0,151.28,748.5,0.39
2024-09-07,31.73,53.02,4.5,9.81,8.94,15.6,6.24,0.48,19.92,0.25,0.78,,,0.14,,29.2,92.77,0.22,152.11,0.0,0.0,48.39,744.3,0.39
2024-09-08,,,,,,,,,,,,,,,,,,,,,0.0,,,
2024-09-09,31.76,53.82,5.63,10.94,10.07,6.63,6.59,0.39,17.98,0.25,0.82,,,0.2,,29.71,83.42,0.38,199.66,0.0,0.0,116.59,750.62,0.39
2024-09-10,34.44,55.57,6.26,11.01,10.14,6.46,5.58,0.32,18.15,0.33,0.97,,,0.21,,31.66,66.95,0.35,203.87,0.0,0.0,186.41,756.94,0.39
2024-09-11,32.45,58.58,6.5,11.01,10.14,6.46,5.29,0.33,18.16,0.32,1.01,,,0.23,,31.82,62.43,0.3,185.68,0.0,0.0,177.33,755.1,0.39
2024-09-12,25.37,52.74,6.7,11.01,10.14,6.46,6.31,0.25,20.36,0.34,1.1,,,0.28,,32.62,56.29,0.24,173.78,0.0,0.0,189.28,755.54,0.39
2024-09-13,24.86,51.71,6.7,11.01,10.14,6.46,5.12,0.38,18.19,0.34,1.11,,,0.28,,31.71,59.8,0.23,177.16,0.0,0.0,125.95,754.18,0.39
2024-09-14,27.27,57.59,6.7,11.01,10.14,6.46,6.7,0.24,22.12,0.38,1.08,,,0.3,,32.77,55.94,0.15,92.03,0.0,0.0,360.01,757.0,0.4
2024-09-15,31.56,69.25,6.7,11.01,10.14,6.46,5.91,0.39,18.39,0.44,1.11,,,0.36,,32.0,57.71,0.16,128.71,0.0,0.0,141.2,753.02,0.39
2024-09-16,31.56,69.25,6.7,11.01,10.14,6.46,5.91,0.32,18.12,0.44,1.11,,,0.36,,31.41,62.17,0.18,158.49,0.0,0.0,106.4,751.33,0.39
2024-09-17,31.56,69.25,6.7,11.01,10.14,6.46,6.13,0.37,19.26,0.44,1.11,,,0.36,,31.68,62.63,0.18,115.87,0.0,0.0,112.65,752.43,0.39
2024-09-18,31.56,69.25,6.7,11.01,10.14,6.46,7.0,0.51,18.28,0.44,1.11,,,0.36,,31.57,64.91,0.13,131.58,0.0,0.0,103.36,749.89,0.39
2024-09-19,32.02,69.9,6.48,10.93,10.06,6.34,5.67,0.33,20.67,0.43,1.1,,,0.34,,31.53,67.55,0.19,102.78,0.0,0.0,138.22,749.22,0.39
2024-09-20,31.56,69.25,5.1,10.41,9.54,5.58,5.73,0.27,16.56,0.35,1.04,,,0.25,,31.31,72.46,0.81,68.13,0.0,0.0,143.25,753.78,0.39
2024-09-21,29.97,57.68,5.1,10.41,9.54,5.58,6.34,0.31,16.04,0.35,1.04,,,0.25,,30.12,83.61,0.49,86.98,0.0,0.0,108.05,743.39,0.39
2024-09-22,28.65,48.11,5.1,10.41,9.54,5.58,5.91,0.37,15.13,0.35,1.04,,,0.25,,30.91,77.7,0.67,67.79,0.0,0.0,107.65,745.64,0.39
2024-09-23,32.39,50.93,5.1,10.41,9.54,5.58,5.96,0.36,18.97,0.35,1.04,,,0.25,,31.39,79.12,0.76,40.51,0.0,0.0,128.59,750.46,0.39
2024-09-24,31.49,66.38,5.86,11.17,10.3,6.41,5.1,0.33,20.47,0.37,1.01,,,0.24,,31.59,75.7,0.47,202.13,0.0,0.0,291.74,752.67,0.39
2024-09-25,27.92,56.59,6.2,11.51,10.64,6.79,5.75,0.37,16.62,0.33,0.86,,,0.27,,29.85,91.5,0.34,189.8,0.0,0.0,77.88,742.57,0.39
2024-09-26,30.48,53.47,6.2,11.51,10.64,6.79,5.65,0.32,18.61,0.34,0.78,,,0.3,,29.92,86.61,0.44,201.77,0.0,0.0,117.14,747.49,0.41
2024-09-27,32.52,60.88,6.84,12.15,11.28,5.83,6.67,0.43,15.1,0.41,0.8,,,0.35,,30.76,84.25,0.43,155.33,0.0,0.0,149.43,744.6,0.44
2024-09-28,31.22,62.35,7.1,12.41,11.54,5.44,5.19,0.26,17.77,0.42,0.83,,,0.36,,31.95,74.57,0.4,182.25,0.0,0.0,164.32,749.58,0.44
2024-09-29,31.22,62.35,7.1,12.41,11.54,5.44,5.12,0.2,15.77,0.42,0.83,,,0.36,,31.01,83.25,0.44,195.06,0.0,0.0,135.42,749.61,0.44
2024-09-30,32.54,65.29,6.4,11.71,10.84,6.14,5.97,0.41,15.45,0.46,0.89,,,0.39,,30.91,81.21,0.41,198.55,0.0,0.0,135.71,748.89,0.44
2024-10-01,34.35,69.6,5.6,10.91,10.04,5.44,7.42,0.71,16.06,0.44,0.98,,,0.33,,31.0,80.11,0.42,198.05,0.0,0.0,150.35,741.07,0.43
2024-10-02,,,5.3,10.61,9.74,4.24,6.72,0.75,15.31,0.38,1.02,,,0.25,,30.3,86.14,0.44,155.12,0.0,0.0,147.25,736.2,0.43
2024-10-03,32.72,61.61,5.72,13.92,11.37,4.75,9.05,0.87,17.68,0.51,5.46,,,0.37,,30.87,77.94,0.38,117.02,0.0,0.0,143.25,735.63,0.43
2024-10-04,34.17,66.78,6.39,17.14,13.7,7.12,17.33,0.87,15.25,0.56,1.03,,,0.42,,31.62,71.28,0.38,100.17,0.0,0.0,130.3,740.17,0.43
2024-10-05,33.96,66.39,5.78,13.54,13.53,6.97,8.58,0.96,23.66,0.29,0.9,,,0.38,,32.23,70.54,0.51,105.61,0.0,0.0,166.12,752.79,0.44
2024-10-06,,,,,,,,,,,,,,,,,,,,,0.0,,,
2024-10-07,37.86,70.89,6.28,15.8,13.31,5.48,5.67,0.71,29.1,0.61,0.98,,,0.25,,30.29,82.71,0.73,62.86,0.0,0.0,184.33,757.11,0.44
2024-10-08,27.68,60.49,8.19,18.92,16.61,11.47,6.94,0.65,50.82,0.55,0.44,,,0.52,,29.79,86.19,0.71,51.25,0.0,0.0,118.11,756.33,0.44
2024-10-09,36.81,74.23,16.88,39.17,34.47,21.93,6.52,0.37,60.03,0.34,0.5,,,0.36,,29.5,91.23,0.69,49.87,0.2,0.2,93.24,747.17,0.44
2024-10-10,21.9,44.16,9.15,18.68,17.28,23.55,7.78,0.35,28.46,0.36,0.64,,,0.36,,29.29,90.95,0.54,64.37,0.0,0.0,59.59,735.2,0.43
2024-10-11,24.94,50.29,5.2,11.16,10.07,25.41,10.65,0.33,37.48,0.39,0.65,,,0.35,,29.32,89.76,0.64,99.31,0.0,0.0,108.77,739.42,0.43
2024-10-12,51.6,33.98,5.32,11.44,10.32,25.34,9.47,0.34,40.3,0.39,0.65,,,0.35,,28.92,94.26,0.47,92.38,0.0,0.0,86.98,736.1,0.43
2024-10-13,13.38,26.99,5.22,10.63,9.81,25.47,8.74,0.33,41.96,0.39,0.65,,,0.35,,30.2,85.18,0.67,50.13,0.0,0.0,169.42,740.93,0.44
2024-10-14,17.51,34.8,5.26,11.47,10.29,25.35,9.66,0.38,39.35,0.4,0.71,,,0.42,,29.33,90.02,1.01,42.85,0.03,0.02,50.18,746.84,0.44
2024-10-15,38.54,77.09,7.48,14.39,13.47,21.87,8.39,0.31,37.56,0.37,0.79,,,0.33,,30.15,86.24,1.07,37.91,0.02,0.01,195.84,755.36,0.41
2024-10-16,32.77,67.48,5.09,10.39,9.58,11.53,8.81,0.33,39.29,0.29,0.52,,,0.25,,29.78,88.37,1.34,42.84,0.0,0.0,100.08,758.98,0.38
2024-10-17,28.65,59.71,5.01,9.97,9.29,11.6,8.37,0.29,33.83,0.32,0.68,,,0.3,,29.71,91.97,1.08,46.85,0.0,0.0,95.21,754.33,0.38
2024-10-18,24.85,47.65,5.13,10.26,9.54,11.53,8.58,0.34,32.87,0.34,0.9,,,0.23,,29.59,91.45,0.88,44.3,0.0,0.0,104.98,756.24,0.34
2024-10-19,26.64,50.16,5.07,10.08,9.39,11.57,8.48,0.33,36.97,0.29,0.96,,,0.19,,29.62,89.57,0.93,49.45,0.0,0.0,108.37,758.12,0.29
2024-10-20,23.47,49.75,5.13,9.89,9.35,11.58,9.37,0.34,42.07,0.24,0.99,,,0.16,,29.83,87.25,0.85,48.74,0.0,0.0,130.92,753.57,0.28
